ctime,schemaname,relname,seq_scan,seq_tup_read,idx_scan,idx_tup_fetch,n_tup_ins,n_tup_upd,n_tup_del,n_tup_hot_upd,n_live_tup,n_dead_tup,heap_blks_read,heap_blks_hit,idx_blks_read,idx_blks_hit,toast_blks_read,toast_blks_hit,tidx_blks_read,tidx_blks_hit
1415149716.8795,pg_catalog,pg_attrdef,0,0,0,0,0,0,0,0,0,0,0,0,0,0,0,0,0,0
1415149716.8795,pg_catalog,pg_db_role_setting,0,0,92192,0,0,0,0,0,0,0,0,0,1154,91038,0,0,0,0
1415149716.8795,pg_catalog,pg_rowsecurity,0,0,0,0,0,0,0,0,0,0,0,0,0,0,,,,
1415149716.8795,pg_catalog,pg_description,0,0,2548,0,0,0,0,0,0,0,0,0,752,4925,0,0,0,0
1415149716.8795,pg_catalog,pg_foreign_data_wrapper,0,0,0,0,0,0,0,0,0,0,0,0,0,0,,,,
1415149716.8795,pg_catalog,pg_conversion,0,0,0,0,0,0,0,0,0,0,0,0,0,0,,,,
1415149716.8795,information_schema,sql_features,0,0,,,0,0,0,0,0,0,0,0,,,0,0,0,0
1415149716.8795,public,nation,13,50,42,42,25,0,0,0,25,0,1,45,2,49,,,,
1415149716.8795,public,supplier,7,400000,40,40,100000,0,0,0,100000,0,2312,15688,6,104,,,,
1415149716.8795,pg_catalog,pg_class,9687,2423168,627742,583733,1013,357,975,341,337,2,12157,669447,11453,1299005,,,,
1415149716.8795,pg_catalog,pg_opfamily,0,0,0,0,0,0,0,0,0,0,0,0,0,0,,,,
1415149716.8795,pg_catalog,pg_auth_members,0,0,0,0,0,0,0,0,0,0,0,0,0,0,,,,
1415149716.8795,pg_catalog,pg_operator,0,0,161747,804253,0,0,0,0,0,0,12265,551591,8894,346885,,,,
1415149716.8795,information_schema,sql_packages,0,0,,,0,0,0,0,0,0,0,0,,,0,0,0,0
1415149716.8795,public,orders,10,60000000,30,30,15000000,0,0,0,15000000,0,504554,1558810,8,118,,,,
1415149716.8795,pg_catalog,pg_attribute,1562,10650,476854,1021243,3734,110,3556,81,2514,12,19117,522875,7657,986616,,,,
1415149716.8795,pg_catalog,pg_tablespace,2,4,16025,16025,0,0,0,0,0,0,1099,14928,2227,29885,,,,
1415149716.8795,pg_catalog,pg_statistic,0,0,121226,114721,837,2282,774,1873,464,76,13002,108400,3485,257851,22239,92887,1545,150235
1415149716.8795,pg_catalog,pg_aggregate,0,0,11038,11038,0,0,0,0,0,0,1404,9634,3022,16321,,,,
1415149716.8795,pg_catalog,pg_inherits,0,0,581,0,0,0,0,0,0,0,0,0,260,321,,,,
1415149716.8795,information_schema,sql_sizing,0,0,,,0,0,0,0,0,0,0,0,,,0,0,0,0
1415149716.8795,pg_catalog,pg_enum,0,0,0,0,0,0,0,0,0,0,0,0,0,0,,,,
1415149716.8795,pg_toast,pg_toast_2396,0,0,0,0,0,0,0,0,0,0,0,0,0,0,,,,
1415149716.8795,pg_catalog,pg_pltemplate,0,0,0,0,0,0,0,0,0,0,0,0,0,0,,,,
1415149716.8795,pg_toast,pg_toast_2618,0,0,4021,12852,0,0,0,0,0,0,1733,3143,570,5890,,,,
1415149716.8795,pg_toast,pg_toast_3596,0,0,0,0,0,0,0,0,0,0,0,0,0,0,,,,
1415149716.8795,pg_toast,pg_toast_11747,0,0,0,0,0,0,0,0,0,0,0,0,0,0,,,,
1415149716.8795,pg_toast,pg_toast_11727,0,0,0,0,0,0,0,0,0,0,0,0,0,0,,,,
1415149716.8795,pg_toast,pg_toast_2606,0,0,0,0,0,0,0,0,0,0,0,0,0,0,,,,
1415149716.8795,pg_toast,pg_toast_2964,0,0,0,0,0,0,0,0,0,0,0,0,0,0,,,,
1415149716.8795,pg_catalog,pg_database,2435,9494,77919,77917,1,0,0,0,1,0,807,79546,4909,119067,,,,
1415149716.8795,information_schema,sql_parts,0,0,,,0,0,0,0,0,0,0,0,,,0,0,0,0
1415149716.8795,pg_toast,pg_toast_2620,0,0,0,0,0,0,0,0,0,0,0,0,0,0,,,,
1415149716.8795,pg_toast,pg_toast_11737,0,0,0,0,0,0,0,0,0,0,0,0,0,0,,,,
1415149716.8795,pg_catalog,pg_depend,0,0,24518,26642,4593,0,4503,0,6685,368,4103,31113,6233,63942,,,,
1415149716.8795,pg_catalog,pg_language,0,0,0,0,0,0,0,0,0,0,0,0,0,0,,,,
1415149716.8795,information_schema,sql_implementation_info,0,0,,,0,0,0,0,0,0,0,0,,,0,0,0,0
1415149716.8795,public,part,8,12000000,26,26,2000000,0,0,0,2000000,0,79007,327741,10,108,,,,
1415149716.8795,pg_catalog,pg_amproc,284,568,92739,145413,0,0,0,0,0,0,1338,90325,3491,204223,,,,
1415149716.8795,pg_catalog,pg_collation,0,0,0,0,0,0,0,0,0,0,0,0,0,0,,,,
1415149716.8795,pg_catalog,pg_range,0,0,4685,0,0,0,0,0,0,0,0,0,2867,6503,,,,
1415149716.8795,pg_toast,pg_toast_2609,0,0,0,0,0,0,0,0,0,0,0,0,0,0,,,,
1415149716.8795,public,time_statistics,1,1,,,4,1,0,1,4,1,2,4,,,,,,
1415149716.8795,pg_catalog,pg_opclass,284,284,126864,1445631,0,0,0,0,0,0,2936,569264,4738,153919,,,,
1415149716.8795,public,lineitem,13,539874468,56,56,59986052,0,0,0,59986224,0,9736673,3525701,22,338,,,,
1415149716.8795,pg_toast,pg_toast_11752,0,0,0,0,0,0,0,0,0,0,0,0,0,0,,,,
1415149716.8795,pg_catalog,pg_rewrite,0,0,7651,6628,341,0,341,0,110,56,2837,6411,1441,11619,1733,3143,1140,11780
1415149716.8795,pg_toast,pg_toast_1255,0,0,0,0,0,0,0,0,0,0,0,0,0,0,,,,
1415149716.8795,pg_catalog,pg_seclabel,0,0,2548,0,0,0,0,0,0,0,0,0,246,2302,0,0,0,0
1415149716.8795,information_schema,sql_languages,0,0,,,0,0,0,0,0,0,0,0,,,0,0,0,0
1415149716.8795,pg_catalog,pg_ts_parser,0,0,0,0,0,0,0,0,0,0,0,0,0,0,,,,
1415149716.8795,pg_catalog,pg_trigger,0,0,0,0,0,0,0,0,0,0,0,0,0,0,0,0,0,0
1415149716.8795,pg_catalog,pg_shseclabel,0,0,0,0,0,0,0,0,0,0,0,0,0,0,,,,
1415149716.8795,pg_catalog,pg_event_trigger,0,0,1009,0,0,0,0,0,0,0,0,0,258,751,,,,
1415149716.8795,pg_toast,pg_toast_11742,0,0,0,0,0,0,0,0,0,0,0,0,0,0,,,,
1415149716.8795,public,customer,10,9000000,28,28,1500000,0,0,0,1500000,0,68533,294885,10,114,,,,
1415149716.8795,pg_catalog,pg_foreign_table,0,0,0,0,0,0,0,0,0,0,0,0,0,0,,,,
1415149716.8795,information_schema,sql_sizing_profiles,0,0,,,0,0,0,0,0,0,0,0,,,0,0,0,0
1415149716.8795,pg_catalog,pg_extension,0,0,0,0,0,0,0,0,0,0,0,0,0,0,,,,
1415149716.8795,pg_catalog,pg_ts_config,0,0,0,0,0,0,0,0,0,0,0,0,0,0,,,,
1415149716.8795,pg_catalog,pg_shdescription,0,0,0,0,0,0,0,0,0,0,0,0,0,0,0,0,0,0
1415149716.8795,pg_catalog,pg_cast,0,0,688705,168186,0,0,0,0,0,0,2070,166116,1949,707659,,,,
1415149716.8795,pg_catalog,pg_amop,0,0,190703,274971,0,0,0,0,0,0,3895,271076,7063,400876,,,,
1415149716.8795,public,region,6,10,8,8,5,0,0,0,5,0,1,11,2,9,,,,
1415149716.8795,pg_catalog,pg_user_mapping,0,0,0,0,0,0,0,0,0,0,0,0,0,0,,,,
1415149716.8795,public,partsupp,5,24000000,40,40,8000000,0,0,0,8000000,0,340611,954549,12,118,,,,
1415149716.8795,pg_catalog,pg_type,0,0,503359,498904,1171,0,1152,0,360,103,5658,498346,7608,1031079,,,,
1415149716.8795,pg_catalog,pg_largeobject,0,0,0,0,0,0,0,0,0,0,0,0,0,0,,,,
1415149716.8795,pg_catalog,pg_ts_config_map,0,0,0,0,0,0,0,0,0,0,0,0,0,0,,,,
1415149716.8795,pg_catalog,pg_largeobject_metadata,0,0,0,0,0,0,0,0,0,0,0,0,0,0,,,,
1415149716.8795,pg_catalog,pg_am,22658,22658,0,0,0,0,0,0,0,0,1128,21530,0,0,,,,
1415149716.8795,pg_toast,pg_toast_11722,0,0,0,0,0,0,0,0,0,0,0,0,0,0,,,,
1415149716.8795,pg_catalog,pg_ts_template,0,0,0,0,0,0,0,0,0,0,0,0,0,0,,,,
1415149716.8795,pg_catalog,pg_foreign_server,0,0,0,0,0,0,0,0,0,0,0,0,0,0,,,,
1415149716.8795,pg_catalog,pg_namespace,1956,27598,128615,107167,34,0,0,0,34,0,1023,108186,2921,149506,,,,
1415149716.8795,pg_toast,pg_toast_2619,0,0,70893,236131,2729,0,2478,0,261,16,22239,92887,1545,150235,,,,
1415149716.8795,pg_catalog,pg_authid,874,874,43039,43039,0,0,0,0,0,0,969,42944,4003,82075,,,,
1415149716.8795,pg_catalog,pg_default_acl,0,0,2364,0,0,0,0,0,0,0,0,0,244,2120,,,,
1415149716.8795,pg_catalog,pg_shdepend,0,0,3175,626,0,0,0,0,0,0,258,368,1022,3327,,,,
1415149716.8795,pg_catalog,pg_constraint,0,0,168,80,88,0,80,0,10,24,49,478,88,868,0,0,0,0
1415149716.8795,pg_catalog,pg_index,4950,560396,228592,326507,422,0,394,0,143,49,5391,312400,4530,261217,,,,
1415149716.8795,pg_catalog,pg_ts_dict,0,0,0,0,0,0,0,0,0,0,0,0,0,0,,,,
1415149716.8795,pg_toast,pg_toast_2604,0,0,0,0,0,0,0,0,0,0,0,0,0,0,,,,
1415149716.8795,pg_toast,pg_toast_11732,0,0,0,0,0,0,0,0,0,0,0,0,0,0,,,,
1415149716.8795,pg_catalog,pg_proc,0,0,205796,304339,0,0,0,0,0,0,21884,206008,14358,438407,0,0,0,0
1415149776.88419,pg_catalog,pg_attrdef,0,0,0,0,0,0,0,0,0,0,0,0,0,0,0,0,0,0
1415149776.88419,pg_catalog,pg_db_role_setting,0,0,92292,0,0,0,0,0,0,0,0,0,1155,91137,0,0,0,0
1415149776.88419,pg_catalog,pg_rowsecurity,0,0,0,0,0,0,0,0,0,0,0,0,0,0,,,,
1415149776.88419,pg_catalog,pg_description,0,0,2548,0,0,0,0,0,0,0,0,0,752,4925,0,0,0,0
1415149776.88419,pg_catalog,pg_foreign_data_wrapper,0,0,0,0,0,0,0,0,0,0,0,0,0,0,,,,
1415149776.88419,pg_catalog,pg_conversion,0,0,0,0,0,0,0,0,0,0,0,0,0,0,,,,
1415149776.88419,information_schema,sql_features,0,0,,,0,0,0,0,0,0,0,0,,,0,0,0,0
1415149776.88419,public,nation,14,75,24466,24466,25,0,0,0,25,0,2,24469,4,24472,,,,
1415149776.88419,public,supplier,9,500000,24464,24464,100000,0,0,0,100000,0,4491,40112,284,48805,,,,
1415149776.88419,pg_catalog,pg_class,9696,2425881,628204,584180,1013,357,975,341,337,2,12158,669993,11454,1299960,,,,
1415149776.88419,pg_catalog,pg_opfamily,0,0,0,0,0,0,0,0,0,0,0,0,0,0,,,,
1415149776.88419,pg_catalog,pg_auth_members,0,0,0,0,0,0,0,0,0,0,0,0,0,0,,,,
1415149776.88419,pg_catalog,pg_operator,0,0,161809,804567,0,0,0,0,0,0,12277,551794,8896,347023,,,,
1415149776.88419,information_schema,sql_packages,0,0,,,0,0,0,0,0,0,0,0,,,0,0,0,0
1415149776.88419,public,orders,10,60000000,30,30,15015000,0,0,0,15015000,0,504810,1559367,2828,132793,,,,
1415149776.88419,pg_catalog,pg_attribute,1562,10650,477137,1021759,3734,110,3556,81,2514,12,19131,523161,7657,987198,,,,
1415149776.88419,pg_catalog,pg_tablespace,2,4,16037,16037,0,0,0,0,0,0,1100,14939,2230,29908,,,,
1415149776.88419,pg_catalog,pg_statistic,0,0,121281,114763,837,2282,774,1873,464,76,13008,108436,3486,257968,22267,92903,1545,150287
1415149776.88419,pg_catalog,pg_aggregate,0,0,11041,11041,0,0,0,0,0,0,1405,9636,3024,16325,,,,
1415149776.88419,pg_catalog,pg_inherits,0,0,581,0,0,0,0,0,0,0,0,0,260,321,,,,
1415149776.88419,information_schema,sql_sizing,0,0,,,0,0,0,0,0,0,0,0,,,0,0,0,0
1415149776.88419,pg_catalog,pg_enum,0,0,0,0,0,0,0,0,0,0,0,0,0,0,,,,
1415149776.88419,pg_toast,pg_toast_2396,0,0,0,0,0,0,0,0,0,0,0,0,0,0,,,,
1415149776.88419,pg_catalog,pg_pltemplate,0,0,0,0,0,0,0,0,0,0,0,0,0,0,,,,
1415149776.88419,pg_toast,pg_toast_2618,0,0,4025,12866,0,0,0,0,0,0,1737,3144,570,5896,,,,
1415149776.88419,pg_toast,pg_toast_3596,0,0,0,0,0,0,0,0,0,0,0,0,0,0,,,,
1415149776.88419,pg_toast,pg_toast_11747,0,0,0,0,0,0,0,0,0,0,0,0,0,0,,,,
1415149776.88419,pg_toast,pg_toast_11727,0,0,0,0,0,0,0,0,0,0,0,0,0,0,,,,
1415149776.88419,pg_toast,pg_toast_2606,0,0,0,0,0,0,0,0,0,0,0,0,0,0,,,,
1415149776.88419,pg_toast,pg_toast_2964,0,0,0,0,0,0,0,0,0,0,0,0,0,0,,,,
1415149776.88419,pg_catalog,pg_database,2439,9504,77994,77992,1,0,0,0,1,0,807,79625,4913,119187,,,,
1415149776.88419,information_schema,sql_parts,0,0,,,0,0,0,0,0,0,0,0,,,0,0,0,0
1415149776.88419,pg_toast,pg_toast_2620,0,0,0,0,0,0,0,0,0,0,0,0,0,0,,,,
1415149776.88419,pg_toast,pg_toast_11737,0,0,0,0,0,0,0,0,0,0,0,0,0,0,,,,
1415149776.88419,pg_catalog,pg_depend,0,0,24518,26642,4593,0,4503,0,6685,368,4103,31113,6233,63942,,,,
1415149776.88419,pg_catalog,pg_language,0,0,0,0,0,0,0,0,0,0,0,0,0,0,,,,
1415149776.88419,information_schema,sql_implementation_info,0,0,,,0,0,0,0,0,0,0,0,,,0,0,0,0
1415149776.88419,public,part,9,14000000,33,2000032,2000000,0,0,0,2000000,0,119529,369021,5483,130,,,,
1415149776.88419,pg_catalog,pg_amproc,284,568,92780,145480,0,0,0,0,0,0,1338,90365,3491,204321,,,,
1415149776.88419,pg_catalog,pg_collation,0,0,0,0,0,0,0,0,0,0,0,0,0,0,,,,
1415149776.88419,pg_catalog,pg_range,0,0,4688,0,0,0,0,0,0,0,0,0,2869,6507,,,,
1415149776.88419,pg_toast,pg_toast_2609,0,0,0,0,0,0,0,0,0,0,0,0,0,0,,,,
1415149776.88419,public,time_statistics,4,16,,,7,4,0,4,7,4,2,13,,,,,,
1415149776.88419,pg_catalog,pg_opclass,284,284,126910,1446006,0,0,0,0,0,0,2936,569418,4738,153984,,,,
1415149776.88419,public,lineitem,13,539874468,59,773345,60045669,0,0,0,60045841,0,10149127,3528413,109868,1305793,,,,
1415149776.88419,pg_toast,pg_toast_11752,0,0,0,0,0,0,0,0,0,0,0,0,0,0,,,,
1415149776.88419,pg_catalog,pg_rewrite,0,0,7656,6633,341,0,341,0,110,56,2841,6412,1441,11627,1737,3144,1140,11792
1415149776.88419,pg_toast,pg_toast_1255,0,0,0,0,0,0,0,0,0,0,0,0,0,0,,,,
1415149776.88419,pg_catalog,pg_seclabel,0,0,2548,0,0,0,0,0,0,0,0,0,246,2302,0,0,0,0
1415149776.88419,information_schema,sql_languages,0,0,,,0,0,0,0,0,0,0,0,,,0,0,0,0
1415149776.88419,pg_catalog,pg_ts_parser,0,0,0,0,0,0,0,0,0,0,0,0,0,0,,,,
1415149776.88419,pg_catalog,pg_trigger,0,0,0,0,0,0,0,0,0,0,0,0,0,0,0,0,0,0
1415149776.88419,pg_catalog,pg_shseclabel,0,0,0,0,0,0,0,0,0,0,0,0,0,0,,,,
1415149776.88419,pg_catalog,pg_event_trigger,0,0,1009,0,0,0,0,0,0,0,0,0,258,751,,,,
1415149776.88419,pg_toast,pg_toast_11742,0,0,0,0,0,0,0,0,0,0,0,0,0,0,,,,
1415149776.88419,public,customer,10,9000000,28,28,1500000,0,0,0,1500000,0,68533,294885,10,114,,,,
1415149776.88419,pg_catalog,pg_foreign_table,0,0,0,0,0,0,0,0,0,0,0,0,0,0,,,,
1415149776.88419,information_schema,sql_sizing_profiles,0,0,,,0,0,0,0,0,0,0,0,,,0,0,0,0
1415149776.88419,pg_catalog,pg_extension,0,0,0,0,0,0,0,0,0,0,0,0,0,0,,,,
1415149776.88419,pg_catalog,pg_ts_config,0,0,0,0,0,0,0,0,0,0,0,0,0,0,,,,
1415149776.88419,pg_catalog,pg_shdescription,0,0,0,0,0,0,0,0,0,0,0,0,0,0,0,0,0,0
1415149776.88419,pg_catalog,pg_cast,0,0,688962,168260,0,0,0,0,0,0,2070,166190,1949,707927,,,,
1415149776.88419,pg_catalog,pg_amop,0,0,190766,275068,0,0,0,0,0,0,3897,271171,7063,401013,,,,
1415149776.88419,public,region,6112,30535,12,12,5,0,0,0,5,0,2,6119,4,12,,,,
1415149776.88419,pg_catalog,pg_user_mapping,0,0,0,0,0,0,0,0,0,0,0,0,0,0,,,,
1415149776.88419,public,partsupp,5,24000000,25993,1611428,8000000,0,0,0,8000000,0,511564,2377394,19844,62659,,,,
1415149776.88419,pg_catalog,pg_type,0,0,503607,499152,1171,0,1152,0,360,103,5659,498593,7608,1031588,,,,
1415149776.88419,pg_catalog,pg_largeobject,0,0,0,0,0,0,0,0,0,0,0,0,0,0,,,,
1415149776.88419,pg_catalog,pg_ts_config_map,0,0,0,0,0,0,0,0,0,0,0,0,0,0,,,,
1415149776.88419,pg_catalog,pg_largeobject_metadata,0,0,0,0,0,0,0,0,0,0,0,0,0,0,,,,
1415149776.88419,pg_catalog,pg_am,22674,22674,0,0,0,0,0,0,0,0,1128,21546,0,0,,,,
1415149776.88419,pg_toast,pg_toast_11722,0,0,0,0,0,0,0,0,0,0,0,0,0,0,,,,
1415149776.88419,pg_catalog,pg_ts_template,0,0,0,0,0,0,0,0,0,0,0,0,0,0,,,,
1415149776.88419,pg_catalog,pg_foreign_server,0,0,0,0,0,0,0,0,0,0,0,0,0,0,,,,
1415149776.88419,pg_catalog,pg_namespace,1958,27678,128792,107332,34,0,0,0,34,0,1023,108353,2922,149696,,,,
1415149776.88419,pg_toast,pg_toast_2619,0,0,70917,236225,2729,0,2478,0,261,16,22267,92903,1545,150287,,,,
1415149776.88419,pg_catalog,pg_authid,877,877,43085,43085,0,0,0,0,0,0,970,42992,4007,82163,,,,
1415149776.88419,pg_catalog,pg_default_acl,0,0,2364,0,0,0,0,0,0,0,0,0,244,2120,,,,
1415149776.88419,pg_catalog,pg_shdepend,0,0,3175,626,0,0,0,0,0,0,258,368,1022,3327,,,,
1415149776.88419,pg_catalog,pg_constraint,0,0,168,80,88,0,80,0,10,24,49,478,88,868,0,0,0,0
1415149776.88419,pg_catalog,pg_index,4955,561111,228688,326639,422,0,394,0,143,49,5391,312558,4530,261335,,,,
1415149776.88419,pg_catalog,pg_ts_dict,0,0,0,0,0,0,0,0,0,0,0,0,0,0,,,,
1415149776.88419,pg_toast,pg_toast_2604,0,0,0,0,0,0,0,0,0,0,0,0,0,0,,,,
1415149776.88419,pg_toast,pg_toast_11732,0,0,0,0,0,0,0,0,0,0,0,0,0,0,,,,
1415149776.88419,pg_catalog,pg_proc,0,0,205912,304503,0,0,0,0,0,0,21896,206126,14360,438660,0,0,0,0
1415149836.88744,pg_catalog,pg_attrdef,0,0,0,0,0,0,0,0,0,0,0,0,0,0,0,0,0,0
1415149836.88744,pg_catalog,pg_db_role_setting,0,0,92332,0,0,0,0,0,0,0,0,0,1156,91176,0,0,0,0
1415149836.88744,pg_catalog,pg_rowsecurity,0,0,0,0,0,0,0,0,0,0,0,0,0,0,,,,
1415149836.88744,pg_catalog,pg_description,0,0,2548,0,0,0,0,0,0,0,0,0,752,4925,0,0,0,0
1415149836.88744,pg_catalog,pg_foreign_data_wrapper,0,0,0,0,0,0,0,0,0,0,0,0,0,0,,,,
1415149836.88744,pg_catalog,pg_conversion,0,0,0,0,0,0,0,0,0,0,0,0,0,0,,,,
1415149836.88744,information_schema,sql_features,0,0,,,0,0,0,0,0,0,0,0,,,0,0,0,0
1415149836.88744,public,nation,15,100,24468,24468,25,0,0,0,25,0,2,24472,4,24475,,,,
1415149836.88744,public,supplier,9,500000,3279910,3279910,100000,0,0,0,100000,0,4491,3295558,284,6577149,,,,
1415149836.88744,pg_catalog,pg_class,9706,2428931,628620,584588,1013,357,975,341,337,2,12170,670500,11465,1300803,,,,
1415149836.88744,pg_catalog,pg_opfamily,0,0,0,0,0,0,0,0,0,0,0,0,0,0,,,,
1415149836.88744,pg_catalog,pg_auth_members,0,0,0,0,0,0,0,0,0,0,0,0,0,0,,,,
1415149836.88744,pg_catalog,pg_operator,0,0,161848,804709,0,0,0,0,0,0,12291,551880,8903,347106,,,,
1415149836.88744,information_schema,sql_packages,0,0,,,0,0,0,0,0,0,0,0,,,0,0,0,0
1415149836.88744,public,orders,10,60000000,3255470,3255470,15015000,0,0,0,15015000,0,1043157,4276460,43914,9875833,,,,
1415149836.88744,pg_catalog,pg_attribute,1562,10650,477400,1022227,3734,110,3556,81,2514,12,19138,523427,7664,987728,,,,
1415149836.88744,pg_catalog,pg_tablespace,2,4,16044,16044,0,0,0,0,0,0,1101,14945,2232,29920,,,,
1415149836.88744,pg_catalog,pg_statistic,0,0,121329,114802,837,2282,774,1873,464,76,13010,108473,3489,258068,22272,92932,1545,150337
1415149836.88744,pg_catalog,pg_aggregate,0,0,11043,11043,0,0,0,0,0,0,1405,9638,3024,16329,,,,
1415149836.88744,pg_catalog,pg_inherits,0,0,581,0,0,0,0,0,0,0,0,0,260,321,,,,
1415149836.88744,information_schema,sql_sizing,0,0,,,0,0,0,0,0,0,0,0,,,0,0,0,0
1415149836.88744,pg_catalog,pg_enum,0,0,0,0,0,0,0,0,0,0,0,0,0,0,,,,
1415149836.88744,pg_toast,pg_toast_2396,0,0,0,0,0,0,0,0,0,0,0,0,0,0,,,,
1415149836.88744,pg_catalog,pg_pltemplate,0,0,0,0,0,0,0,0,0,0,0,0,0,0,,,,
1415149836.88744,pg_toast,pg_toast_2618,0,0,4030,12882,0,0,0,0,0,0,1742,3145,570,5904,,,,
1415149836.88744,pg_toast,pg_toast_3596,0,0,0,0,0,0,0,0,0,0,0,0,0,0,,,,
1415149836.88744,pg_toast,pg_toast_11747,0,0,0,0,0,0,0,0,0,0,0,0,0,0,,,,
1415149836.88744,pg_toast,pg_toast_11727,0,0,0,0,0,0,0,0,0,0,0,0,0,0,,,,
1415149836.88744,pg_toast,pg_toast_2606,0,0,0,0,0,0,0,0,0,0,0,0,0,0,,,,
1415149836.88744,pg_toast,pg_toast_2964,0,0,0,0,0,0,0,0,0,0,0,0,0,0,,,,
1415149836.88744,pg_catalog,pg_database,2442,9516,78032,78030,1,0,0,0,1,0,807,79666,4920,119238,,,,
1415149836.88744,information_schema,sql_parts,0,0,,,0,0,0,0,0,0,0,0,,,0,0,0,0
1415149836.88744,pg_toast,pg_toast_2620,0,0,0,0,0,0,0,0,0,0,0,0,0,0,,,,
1415149836.88744,pg_toast,pg_toast_11737,0,0,0,0,0,0,0,0,0,0,0,0,0,0,,,,
1415149836.88744,pg_catalog,pg_depend,0,0,24518,26642,4593,0,4503,0,6685,368,4103,31113,6233,63942,,,,
1415149836.88744,pg_catalog,pg_language,0,0,0,0,0,0,0,0,0,0,0,0,0,0,,,,
1415149836.88744,information_schema,sql_implementation_info,0,0,,,0,0,0,0,0,0,0,0,,,0,0,0,0
1415149836.88744,public,part,10,16000000,41,2000040,2000000,0,0,0,2000000,0,119529,409551,5483,159,,,,
1415149836.88744,pg_catalog,pg_amproc,284,568,92811,145527,0,0,0,0,0,0,1340,90393,3497,204386,,,,
1415149836.88744,pg_catalog,pg_collation,0,0,0,0,0,0,0,0,0,0,0,0,0,0,,,,
1415149836.88744,pg_catalog,pg_range,0,0,4689,0,0,0,0,0,0,0,0,0,2871,6507,,,,
1415149836.88744,pg_toast,pg_toast_2609,0,0,0,0,0,0,0,0,0,0,0,0,0,0,,,,
1415149836.88744,public,time_statistics,5,23,,,8,5,0,5,8,5,3,15,,,,,,
1415149836.88744,pg_catalog,pg_opclass,284,284,126944,1446369,0,0,0,0,0,0,2938,569558,4742,154027,,,,
1415149836.88744,public,lineitem,13,539874468,433533,13795107,60045669,0,0,0,60045841,0,11455689,15243605,213749,3001544,,,,
1415149836.88744,pg_toast,pg_toast_11752,0,0,0,0,0,0,0,0,0,0,0,0,0,0,,,,
1415149836.88744,pg_catalog,pg_rewrite,0,0,7663,6640,341,0,341,0,110,56,2845,6415,1441,11639,1742,3145,1140,11808
1415149836.88744,pg_toast,pg_toast_1255,0,0,0,0,0,0,0,0,0,0,0,0,0,0,,,,
1415149836.88744,pg_catalog,pg_seclabel,0,0,2548,0,0,0,0,0,0,0,0,0,246,2302,0,0,0,0
1415149836.88744,information_schema,sql_languages,0,0,,,0,0,0,0,0,0,0,0,,,0,0,0,0
1415149836.88744,pg_catalog,pg_ts_parser,0,0,0,0,0,0,0,0,0,0,0,0,0,0,,,,
1415149836.88744,pg_catalog,pg_trigger,0,0,0,0,0,0,0,0,0,0,0,0,0,0,0,0,0,0
1415149836.88744,pg_catalog,pg_shseclabel,0,0,0,0,0,0,0,0,0,0,0,0,0,0,,,,
1415149836.88744,pg_catalog,pg_event_trigger,0,0,1009,0,0,0,0,0,0,0,0,0,258,751,,,,
1415149836.88744,pg_toast,pg_toast_11742,0,0,0,0,0,0,0,0,0,0,0,0,0,0,,,,
1415149836.88744,public,customer,10,9000000,28,28,1500000,0,0,0,1500000,0,68533,294885,10,114,,,,
1415149836.88744,pg_catalog,pg_foreign_table,0,0,0,0,0,0,0,0,0,0,0,0,0,0,,,,
1415149836.88744,information_schema,sql_sizing_profiles,0,0,,,0,0,0,0,0,0,0,0,,,0,0,0,0
1415149836.88744,pg_catalog,pg_extension,0,0,0,0,0,0,0,0,0,0,0,0,0,0,,,,
1415149836.88744,pg_catalog,pg_ts_config,0,0,0,0,0,0,0,0,0,0,0,0,0,0,,,,
1415149836.88744,pg_catalog,pg_shdescription,0,0,0,0,0,0,0,0,0,0,0,0,0,0,0,0,0,0
1415149836.88744,pg_catalog,pg_cast,0,0,689131,168313,0,0,0,0,0,0,2072,166241,1951,708102,,,,
1415149836.88744,pg_catalog,pg_amop,0,0,190826,275150,0,0,0,0,0,0,3901,271249,7066,401141,,,,
1415149836.88744,public,region,6112,30535,12,12,5,0,0,0,5,0,2,6119,4,12,,,,
1415149836.88744,pg_catalog,pg_user_mapping,0,0,0,0,0,0,0,0,0,0,0,0,0,0,,,,
1415149836.88744,public,partsupp,6,32000000,26009,1611444,8000000,0,0,0,8000000,0,617564,2442368,19844,62709,,,,
1415149836.88744,pg_catalog,pg_type,0,0,503778,499323,1171,0,1152,0,360,103,5663,498760,7612,1031935,,,,
1415149836.88744,pg_catalog,pg_largeobject,0,0,0,0,0,0,0,0,0,0,0,0,0,0,,,,
1415149836.88744,pg_catalog,pg_ts_config_map,0,0,0,0,0,0,0,0,0,0,0,0,0,0,,,,
1415149836.88744,pg_catalog,pg_largeobject_metadata,0,0,0,0,0,0,0,0,0,0,0,0,0,0,,,,
1415149836.88744,pg_catalog,pg_am,22683,22683,0,0,0,0,0,0,0,0,1130,21553,0,0,,,,
1415149836.88744,pg_toast,pg_toast_11722,0,0,0,0,0,0,0,0,0,0,0,0,0,0,,,,
1415149836.88744,pg_catalog,pg_ts_template,0,0,0,0,0,0,0,0,0,0,0,0,0,0,,,,
1415149836.88744,pg_catalog,pg_foreign_server,0,0,0,0,0,0,0,0,0,0,0,0,0,0,,,,
1415149836.88744,pg_catalog,pg_namespace,1960,27758,128959,107491,34,0,0,0,34,0,1024,108513,2924,149871,,,,
1415149836.88744,pg_toast,pg_toast_2619,0,0,70940,236295,2729,0,2478,0,261,16,22272,92932,1545,150337,,,,
1415149836.88744,pg_catalog,pg_authid,878,878,43101,43101,0,0,0,0,0,0,971,43008,4011,82191,,,,
1415149836.88744,pg_catalog,pg_default_acl,0,0,2364,0,0,0,0,0,0,0,0,0,244,2120,,,,
1415149836.88744,pg_catalog,pg_shdepend,0,0,3175,626,0,0,0,0,0,0,258,368,1022,3327,,,,
1415149836.88744,pg_catalog,pg_constraint,0,0,168,80,88,0,80,0,10,24,49,478,88,868,0,0,0,0
1415149836.88744,pg_catalog,pg_index,4960,561826,228766,326746,422,0,394,0,143,49,5393,312685,4534,261424,,,,
1415149836.88744,pg_catalog,pg_ts_dict,0,0,0,0,0,0,0,0,0,0,0,0,0,0,,,,
1415149836.88744,pg_toast,pg_toast_2604,0,0,0,0,0,0,0,0,0,0,0,0,0,0,,,,
1415149836.88744,pg_toast,pg_toast_11732,0,0,0,0,0,0,0,0,0,0,0,0,0,0,,,,
1415149836.88744,pg_catalog,pg_proc,0,0,206013,304653,0,0,0,0,0,0,21903,206244,14369,438869,0,0,0,0
1415149896.89097,pg_catalog,pg_attrdef,0,0,0,0,0,0,0,0,0,0,0,0,0,0,0,0,0,0
1415149896.89097,pg_catalog,pg_db_role_setting,0,0,92396,0,0,0,0,0,0,0,0,0,1156,91240,0,0,0,0
1415149896.89097,pg_catalog,pg_rowsecurity,0,0,0,0,0,0,0,0,0,0,0,0,0,0,,,,
1415149896.89097,pg_catalog,pg_description,0,0,2548,0,0,0,0,0,0,0,0,0,752,4925,0,0,0,0
1415149896.89097,pg_catalog,pg_foreign_data_wrapper,0,0,0,0,0,0,0,0,0,0,0,0,0,0,,,,
1415149896.89097,pg_catalog,pg_conversion,0,0,0,0,0,0,0,0,0,0,0,0,0,0,,,,
1415149896.89097,information_schema,sql_features,0,0,,,0,0,0,0,0,0,0,0,,,0,0,0,0
1415149896.89097,public,nation,16,125,24470,24470,25,0,0,0,25,0,3,24474,6,24476,,,,
1415149896.89097,public,supplier,9,500000,3279911,3283884,100000,0,0,0,100000,0,4491,3297398,300,6577149,,,,
1415149896.89097,pg_catalog,pg_class,9716,2431981,629100,585054,1013,357,975,341,337,2,12171,671076,11470,1301792,,,,
1415149896.89097,pg_catalog,pg_opfamily,0,0,0,0,0,0,0,0,0,0,0,0,0,0,,,,
1415149896.89097,pg_catalog,pg_auth_members,0,0,0,0,0,0,0,0,0,0,0,0,0,0,,,,
1415149896.89097,pg_catalog,pg_operator,0,0,161939,805274,0,0,0,0,0,0,12291,552281,8905,347308,,,,
1415149896.89097,information_schema,sql_packages,0,0,,,0,0,0,0,0,0,0,0,,,0,0,0,0
1415149896.89097,public,orders,10,60000000,3255470,3255470,15015000,0,0,0,15015000,0,1043157,4276460,43914,9875833,,,,
1415149896.89097,pg_catalog,pg_attribute,1562,10650,477715,1022822,3734,110,3556,81,2514,12,19169,523727,7668,988371,,,,
1415149896.89097,pg_catalog,pg_tablespace,2,4,16055,16055,0,0,0,0,0,0,1101,14956,2232,29942,,,,
1415149896.89097,pg_catalog,pg_statistic,0,0,121393,114851,837,2282,774,1873,464,76,13024,108508,3491,258205,22298,92955,1548,150402
1415149896.89097,pg_catalog,pg_aggregate,0,0,11048,11048,0,0,0,0,0,0,1407,9641,3028,16334,,,,
1415149896.89097,pg_catalog,pg_inherits,0,0,581,0,0,0,0,0,0,0,0,0,260,321,,,,
1415149896.89097,information_schema,sql_sizing,0,0,,,0,0,0,0,0,0,0,0,,,0,0,0,0
1415149896.89097,pg_catalog,pg_enum,0,0,0,0,0,0,0,0,0,0,0,0,0,0,,,,
1415149896.89097,pg_toast,pg_toast_2396,0,0,0,0,0,0,0,0,0,0,0,0,0,0,,,,
1415149896.89097,pg_catalog,pg_pltemplate,0,0,0,0,0,0,0,0,0,0,0,0,0,0,,,,
1415149896.89097,pg_toast,pg_toast_2618,0,0,4035,12898,0,0,0,0,0,0,1747,3146,572,5910,,,,
1415149896.89097,pg_toast,pg_toast_3596,0,0,0,0,0,0,0,0,0,0,0,0,0,0,,,,
1415149896.89097,pg_toast,pg_toast_11747,0,0,0,0,0,0,0,0,0,0,0,0,0,0,,,,
1415149896.89097,pg_toast,pg_toast_11727,0,0,0,0,0,0,0,0,0,0,0,0,0,0,,,,
1415149896.89097,pg_toast,pg_toast_2606,0,0,0,0,0,0,0,0,0,0,0,0,0,0,,,,
1415149896.89097,pg_toast,pg_toast_2964,0,0,0,0,0,0,0,0,0,0,0,0,0,0,,,,
1415149896.89097,pg_catalog,pg_database,2445,9528,78088,78086,1,0,0,0,1,0,807,79725,4920,119326,,,,
1415149896.89097,information_schema,sql_parts,0,0,,,0,0,0,0,0,0,0,0,,,0,0,0,0
1415149896.89097,pg_toast,pg_toast_2620,0,0,0,0,0,0,0,0,0,0,0,0,0,0,,,,
1415149896.89097,pg_toast,pg_toast_11737,0,0,0,0,0,0,0,0,0,0,0,0,0,0,,,,
1415149896.89097,pg_catalog,pg_depend,0,0,24518,26642,4593,0,4503,0,6685,368,4103,31113,6233,63942,,,,
1415149896.89097,pg_catalog,pg_language,0,0,0,0,0,0,0,0,0,0,0,0,0,0,,,,
1415149896.89097,information_schema,sql_implementation_info,0,0,,,0,0,0,0,0,0,0,0,,,0,0,0,0
1415149896.89097,public,part,10,16000000,47,4002121,2000000,0,0,0,2000000,0,162070,410317,10982,164,,,,
1415149896.89097,pg_catalog,pg_amproc,284,568,92855,145600,0,0,0,0,0,0,1340,90436,3497,204489,,,,
1415149896.89097,pg_catalog,pg_collation,0,0,0,0,0,0,0,0,0,0,0,0,0,0,,,,
1415149896.89097,pg_catalog,pg_range,0,0,4692,0,0,0,0,0,0,0,0,0,2875,6509,,,,
1415149896.89097,pg_toast,pg_toast_2609,0,0,0,0,0,0,0,0,0,0,0,0,0,0,,,,
1415149896.89097,public,time_statistics,8,50,,,11,8,0,8,11,8,3,24,,,,,,
1415149896.89097,pg_catalog,pg_opclass,284,284,126993,1446747,0,0,0,0,0,0,2940,569713,4744,154093,,,,
1415149896.89097,public,lineitem,13,539874468,524622,25586444,60045669,0,0,0,60045841,0,12059754,18319276,264176,3353597,,,,
1415149896.89097,pg_toast,pg_toast_11752,0,0,0,0,0,0,0,0,0,0,0,0,0,0,,,,
1415149896.89097,pg_catalog,pg_rewrite,0,0,7670,6647,341,0,341,0,110,56,2850,6417,1443,11649,1747,3146,1144,11820
1415149896.89097,pg_toast,pg_toast_1255,0,0,0,0,0,0,0,0,0,0,0,0,0,0,,,,
1415149896.89097,pg_catalog,pg_seclabel,0,0,2548,0,0,0,0,0,0,0,0,0,246,2302,0,0,0,0
1415149896.89097,information_schema,sql_languages,0,0,,,0,0,0,0,0,0,0,0,,,0,0,0,0
1415149896.89097,pg_catalog,pg_ts_parser,0,0,0,0,0,0,0,0,0,0,0,0,0,0,,,,
1415149896.89097,pg_catalog,pg_trigger,0,0,0,0,0,0,0,0,0,0,0,0,0,0,0,0,0,0
1415149896.89097,pg_catalog,pg_shseclabel,0,0,0,0,0,0,0,0,0,0,0,0,0,0,,,,
1415149896.89097,pg_catalog,pg_event_trigger,0,0,1009,0,0,0,0,0,0,0,0,0,258,751,,,,
1415149896.89097,pg_toast,pg_toast_11742,0,0,0,0,0,0,0,0,0,0,0,0,0,0,,,,
1415149896.89097,public,customer,10,9000000,28,28,1500000,0,0,0,1500000,0,68533,294885,10,114,,,,
1415149896.89097,pg_catalog,pg_foreign_table,0,0,0,0,0,0,0,0,0,0,0,0,0,0,,,,
1415149896.89097,information_schema,sql_sizing_profiles,0,0,,,0,0,0,0,0,0,0,0,,,0,0,0,0
1415149896.89097,pg_catalog,pg_extension,0,0,0,0,0,0,0,0,0,0,0,0,0,0,,,,
1415149896.89097,pg_catalog,pg_ts_config,0,0,0,0,0,0,0,0,0,0,0,0,0,0,,,,
1415149896.89097,pg_catalog,pg_shdescription,0,0,0,0,0,0,0,0,0,0,0,0,0,0,0,0,0,0
1415149896.89097,pg_catalog,pg_cast,0,0,689484,168414,0,0,0,0,0,0,2073,166341,1951,708469,,,,
1415149896.89097,pg_catalog,pg_amop,0,0,190906,275267,0,0,0,0,0,0,3902,271365,7069,401315,,,,
1415149896.89097,public,region,6112,30535,12,12,5,0,0,0,5,0,2,6119,4,12,,,,
1415149896.89097,pg_catalog,pg_user_mapping,0,0,0,0,0,0,0,0,0,0,0,0,0,0,,,,
1415149896.89097,public,partsupp,6,32000000,47744,1698378,8000000,0,0,0,8000000,0,639665,2444484,33891,114233,,,,
1415149896.89097,pg_catalog,pg_type,0,0,504121,499666,1171,0,1152,0,360,103,5663,499103,7616,1032633,,,,
1415149896.89097,pg_catalog,pg_largeobject,0,0,0,0,0,0,0,0,0,0,0,0,0,0,,,,
1415149896.89097,pg_catalog,pg_ts_config_map,0,0,0,0,0,0,0,0,0,0,0,0,0,0,,,,
1415149896.89097,pg_catalog,pg_largeobject_metadata,0,0,0,0,0,0,0,0,0,0,0,0,0,0,,,,
1415149896.89097,pg_catalog,pg_am,22698,22698,0,0,0,0,0,0,0,0,1130,21568,0,0,,,,
1415149896.89097,pg_toast,pg_toast_11722,0,0,0,0,0,0,0,0,0,0,0,0,0,0,,,,
1415149896.89097,pg_catalog,pg_ts_template,0,0,0,0,0,0,0,0,0,0,0,0,0,0,,,,
1415149896.89097,pg_catalog,pg_foreign_server,0,0,0,0,0,0,0,0,0,0,0,0,0,0,,,,
1415149896.89097,pg_catalog,pg_namespace,1962,27838,129143,107661,34,0,0,0,34,0,1024,108685,2926,150069,,,,
1415149896.89097,pg_toast,pg_toast_2619,0,0,70971,236402,2729,0,2478,0,261,16,22298,92955,1548,150402,,,,
1415149896.89097,pg_catalog,pg_authid,879,879,43129,43129,0,0,0,0,0,0,971,43037,4011,82247,,,,
1415149896.89097,pg_catalog,pg_default_acl,0,0,2364,0,0,0,0,0,0,0,0,0,244,2120,,,,
1415149896.89097,pg_catalog,pg_shdepend,0,0,3175,626,0,0,0,0,0,0,258,368,1022,3327,,,,
1415149896.89097,pg_catalog,pg_constraint,0,0,168,80,88,0,80,0,10,24,49,478,88,868,0,0,0,0
1415149896.89097,pg_catalog,pg_index,4965,562541,228876,326901,422,0,394,0,143,49,5399,312856,4536,261555,,,,
1415149896.89097,pg_catalog,pg_ts_dict,0,0,0,0,0,0,0,0,0,0,0,0,0,0,,,,
1415149896.89097,pg_toast,pg_toast_2604,0,0,0,0,0,0,0,0,0,0,0,0,0,0,,,,
1415149896.89097,pg_toast,pg_toast_11732,0,0,0,0,0,0,0,0,0,0,0,0,0,0,,,,
1415149896.89097,pg_catalog,pg_proc,0,0,206161,304863,0,0,0,0,0,0,21921,206394,14377,439185,0,0,0,0
1415149956.89467,pg_catalog,pg_attrdef,0,0,0,0,0,0,0,0,0,0,0,0,0,0,0,0,0,0
1415149956.89467,pg_catalog,pg_db_role_setting,0,0,92448,0,0,0,0,0,0,0,0,0,1156,91292,0,0,0,0
1415149956.89467,pg_catalog,pg_rowsecurity,0,0,0,0,0,0,0,0,0,0,0,0,0,0,,,,
1415149956.89467,pg_catalog,pg_description,0,0,2548,0,0,0,0,0,0,0,0,0,752,4925,0,0,0,0
1415149956.89467,pg_catalog,pg_foreign_data_wrapper,0,0,0,0,0,0,0,0,0,0,0,0,0,0,,,,
1415149956.89467,pg_catalog,pg_conversion,0,0,0,0,0,0,0,0,0,0,0,0,0,0,,,,
1415149956.89467,information_schema,sql_features,0,0,,,0,0,0,0,0,0,0,0,,,0,0,0,0
1415149956.89467,public,nation,18,175,24476,24476,25,0,0,0,25,0,4,24481,8,24481,,,,
1415149956.89467,public,supplier,9,500000,3304400,3308373,100000,0,0,0,100000,0,6669,3319709,578,6625965,,,,
1415149956.89467,pg_catalog,pg_class,9726,2435031,629571,585511,1013,357,975,341,337,2,12172,671643,11472,1302760,,,,
1415149956.89467,pg_catalog,pg_opfamily,0,0,0,0,0,0,0,0,0,0,0,0,0,0,,,,
1415149956.89467,pg_catalog,pg_auth_members,0,0,0,0,0,0,0,0,0,0,0,0,0,0,,,,
1415149956.89467,pg_catalog,pg_operator,0,0,162000,805610,0,0,0,0,0,0,12291,552512,8905,347447,,,,
1415149956.89467,information_schema,sql_packages,0,0,,,0,0,0,0,0,0,0,0,,,0,0,0,0
1415149956.89467,public,orders,11,75015000,3658025,3378176,15015000,0,0,0,15015000,0,1303240,4392605,85121,11043778,,,,
1415149956.89467,pg_catalog,pg_attribute,1562,10650,478024,1023400,3734,110,3556,81,2514,12,19170,524048,7668,989003,,,,
1415149956.89467,pg_catalog,pg_tablespace,2,4,16064,16064,0,0,0,0,0,0,1101,14965,2232,29960,,,,
1415149956.89467,pg_catalog,pg_statistic,0,0,121456,114902,837,2282,774,1873,464,76,13030,108553,3491,258340,22307,92987,1548,150465
1415149956.89467,pg_catalog,pg_aggregate,0,0,11051,11051,0,0,0,0,0,0,1407,9644,3028,16340,,,,
1415149956.89467,pg_catalog,pg_inherits,0,0,581,0,0,0,0,0,0,0,0,0,260,321,,,,
1415149956.89467,information_schema,sql_sizing,0,0,,,0,0,0,0,0,0,0,0,,,0,0,0,0
1415149956.89467,pg_catalog,pg_enum,0,0,0,0,0,0,0,0,0,0,0,0,0,0,,,,
1415149956.89467,pg_toast,pg_toast_2396,0,0,0,0,0,0,0,0,0,0,0,0,0,0,,,,
1415149956.89467,pg_catalog,pg_pltemplate,0,0,0,0,0,0,0,0,0,0,0,0,0,0,,,,
1415149956.89467,pg_toast,pg_toast_2618,0,0,4040,12914,0,0,0,0,0,0,1752,3147,572,5918,,,,
1415149956.89467,pg_toast,pg_toast_3596,0,0,0,0,0,0,0,0,0,0,0,0,0,0,,,,
1415149956.89467,pg_toast,pg_toast_11747,0,0,0,0,0,0,0,0,0,0,0,0,0,0,,,,
1415149956.89467,pg_toast,pg_toast_11727,0,0,0,0,0,0,0,0,0,0,0,0,0,0,,,,
1415149956.89467,pg_toast,pg_toast_2606,0,0,0,0,0,0,0,0,0,0,0,0,0,0,,,,
1415149956.89467,pg_toast,pg_toast_2964,0,0,0,0,0,0,0,0,0,0,0,0,0,0,,,,
1415149956.89467,pg_catalog,pg_database,2448,9540,78135,78133,1,0,0,0,1,0,807,79775,4920,119399,,,,
1415149956.89467,information_schema,sql_parts,0,0,,,0,0,0,0,0,0,0,0,,,0,0,0,0
1415149956.89467,pg_toast,pg_toast_2620,0,0,0,0,0,0,0,0,0,0,0,0,0,0,,,,
1415149956.89467,pg_toast,pg_toast_11737,0,0,0,0,0,0,0,0,0,0,0,0,0,0,,,,
1415149956.89467,pg_catalog,pg_depend,0,0,24518,26642,4593,0,4503,0,6685,368,4103,31113,6233,63942,,,,
1415149956.89467,pg_catalog,pg_language,0,0,0,0,0,0,0,0,0,0,0,0,0,0,,,,
1415149956.89467,information_schema,sql_implementation_info,0,0,,,0,0,0,0,0,0,0,0,,,0,0,0,0
1415149956.89467,public,part,10,16000000,52,4015548,2000000,0,0,0,2000000,0,173581,410328,11065,181,,,,
1415149956.89467,pg_catalog,pg_amproc,284,568,92899,145668,0,0,0,0,0,0,1340,90480,3497,204589,,,,
1415149956.89467,pg_catalog,pg_collation,0,0,0,0,0,0,0,0,0,0,0,0,0,0,,,,
1415149956.89467,pg_catalog,pg_range,0,0,4695,0,0,0,0,0,0,0,0,0,2875,6515,,,,
1415149956.89467,pg_toast,pg_toast_2609,0,0,0,0,0,0,0,0,0,0,0,0,0,0,,,,
1415149956.89467,public,time_statistics,10,73,,,13,10,0,10,13,10,3,30,,,,,,
1415149956.89467,pg_catalog,pg_opclass,284,284,127047,1447373,0,0,0,0,0,0,2940,569959,4744,154164,,,,
1415149956.89467,public,lineitem,15,659965806,538057,25989003,60045669,0,0,0,60045841,0,12660021,20254517,279557,3394011,,,,
1415149956.89467,pg_toast,pg_toast_11752,0,0,0,0,0,0,0,0,0,0,0,0,0,0,,,,
1415149956.89467,pg_catalog,pg_rewrite,0,0,7677,6654,341,0,341,0,110,56,2855,6419,1443,11661,1752,3147,1144,11836
1415149956.89467,pg_toast,pg_toast_1255,0,0,0,0,0,0,0,0,0,0,0,0,0,0,,,,
1415149956.89467,pg_catalog,pg_seclabel,0,0,2548,0,0,0,0,0,0,0,0,0,246,2302,0,0,0,0
1415149956.89467,information_schema,sql_languages,0,0,,,0,0,0,0,0,0,0,0,,,0,0,0,0
1415149956.89467,pg_catalog,pg_ts_parser,0,0,0,0,0,0,0,0,0,0,0,0,0,0,,,,
1415149956.89467,pg_catalog,pg_trigger,0,0,0,0,0,0,0,0,0,0,0,0,0,0,0,0,0,0
1415149956.89467,pg_catalog,pg_shseclabel,0,0,0,0,0,0,0,0,0,0,0,0,0,0,,,,
1415149956.89467,pg_catalog,pg_event_trigger,0,0,1009,0,0,0,0,0,0,0,0,0,258,751,,,,
1415149956.89467,pg_toast,pg_toast_11742,0,0,0,0,0,0,0,0,0,0,0,0,0,0,,,,
1415149956.89467,public,customer,11,10500000,41,299874,1500000,0,0,0,1500000,0,103811,440210,851,143,,,,
1415149956.89467,pg_catalog,pg_foreign_table,0,0,0,0,0,0,0,0,0,0,0,0,0,0,,,,
1415149956.89467,information_schema,sql_sizing_profiles,0,0,,,0,0,0,0,0,0,0,0,,,0,0,0,0
1415149956.89467,pg_catalog,pg_extension,0,0,0,0,0,0,0,0,0,0,0,0,0,0,,,,
1415149956.89467,pg_catalog,pg_ts_config,0,0,0,0,0,0,0,0,0,0,0,0,0,0,,,,
1415149956.89467,pg_catalog,pg_shdescription,0,0,0,0,0,0,0,0,0,0,0,0,0,0,0,0,0,0
1415149956.89467,pg_catalog,pg_cast,0,0,689846,168493,0,0,0,0,0,0,2073,166420,1951,708842,,,,
1415149956.89467,pg_catalog,pg_amop,0,0,190993,275392,0,0,0,0,0,0,3902,271490,7069,401503,,,,
1415149956.89467,public,region,6113,30540,14,14,5,0,0,0,5,0,3,6121,6,13,,,,
1415149956.89467,pg_catalog,pg_user_mapping,0,0,0,0,0,0,0,0,0,0,0,0,0,0,,,,
1415149956.89467,public,partsupp,6,32000000,47744,1698378,8000000,0,0,0,8000000,0,639665,2444484,33891,114233,,,,
1415149956.89467,pg_catalog,pg_type,0,0,504401,499946,1171,0,1152,0,360,103,5663,499383,7620,1033201,,,,
1415149956.89467,pg_catalog,pg_largeobject,0,0,0,0,0,0,0,0,0,0,0,0,0,0,,,,
1415149956.89467,pg_catalog,pg_ts_config_map,0,0,0,0,0,0,0,0,0,0,0,0,0,0,,,,
1415149956.89467,pg_catalog,pg_largeobject_metadata,0,0,0,0,0,0,0,0,0,0,0,0,0,0,,,,
1415149956.89467,pg_catalog,pg_am,22710,22710,0,0,0,0,0,0,0,0,1130,21580,0,0,,,,
1415149956.89467,pg_toast,pg_toast_11722,0,0,0,0,0,0,0,0,0,0,0,0,0,0,,,,
1415149956.89467,pg_catalog,pg_ts_template,0,0,0,0,0,0,0,0,0,0,0,0,0,0,,,,
1415149956.89467,pg_catalog,pg_foreign_server,0,0,0,0,0,0,0,0,0,0,0,0,0,0,,,,
1415149956.89467,pg_catalog,pg_namespace,1964,27918,129318,107825,34,0,0,0,34,0,1024,108851,2927,150256,,,,
1415149956.89467,pg_toast,pg_toast_2619,0,0,71000,236487,2729,0,2478,0,261,16,22307,92987,1548,150465,,,,
1415149956.89467,pg_catalog,pg_authid,880,880,43151,43151,0,0,0,0,0,0,971,43060,4011,82291,,,,
1415149956.89467,pg_catalog,pg_default_acl,0,0,2364,0,0,0,0,0,0,0,0,0,244,2120,,,,
1415149956.89467,pg_catalog,pg_shdepend,0,0,3175,626,0,0,0,0,0,0,258,368,1022,3327,,,,
1415149956.89467,pg_catalog,pg_constraint,0,0,168,80,88,0,80,0,10,24,49,478,88,868,0,0,0,0
1415149956.89467,pg_catalog,pg_index,4970,563256,228984,327054,422,0,394,0,143,49,5399,313031,4536,261682,,,,
1415149956.89467,pg_catalog,pg_ts_dict,0,0,0,0,0,0,0,0,0,0,0,0,0,0,,,,
1415149956.89467,pg_toast,pg_toast_2604,0,0,0,0,0,0,0,0,0,0,0,0,0,0,,,,
1415149956.89467,pg_toast,pg_toast_11732,0,0,0,0,0,0,0,0,0,0,0,0,0,0,,,,
1415149956.89467,pg_catalog,pg_proc,0,0,206289,305047,0,0,0,0,0,0,21927,206540,14377,439463,0,0,0,0
1415150016.90591,pg_catalog,pg_attrdef,0,0,0,0,0,0,0,0,0,0,0,0,0,0,0,0,0,0
1415150016.90591,pg_catalog,pg_db_role_setting,0,0,92488,0,0,0,0,0,0,0,0,0,1156,91332,0,0,0,0
1415150016.90591,pg_catalog,pg_rowsecurity,0,0,0,0,0,0,0,0,0,0,0,0,0,0,,,,
1415150016.90591,pg_catalog,pg_description,0,0,2548,0,0,0,0,0,0,0,0,0,752,4925,0,0,0,0
1415150016.90591,pg_catalog,pg_foreign_data_wrapper,0,0,0,0,0,0,0,0,0,0,0,0,0,0,,,,
1415150016.90591,pg_catalog,pg_conversion,0,0,0,0,0,0,0,0,0,0,0,0,0,0,,,,
1415150016.90591,information_schema,sql_features,0,0,,,0,0,0,0,0,0,0,0,,,0,0,0,0
1415150016.90591,public,nation,19,200,24478,24478,25,0,0,0,25,0,4,24484,8,24484,,,,
1415150016.90591,public,supplier,9,500000,3304405,3312365,100000,0,0,0,100000,0,6669,3321550,591,6625976,,,,
1415150016.90591,pg_catalog,pg_class,9736,2438081,629973,585907,1013,357,975,341,337,2,12173,672149,11473,1303585,,,,
1415150016.90591,pg_catalog,pg_opfamily,0,0,0,0,0,0,0,0,0,0,0,0,0,0,,,,
1415150016.90591,pg_catalog,pg_auth_members,0,0,0,0,0,0,0,0,0,0,0,0,0,0,,,,
1415150016.90591,pg_catalog,pg_operator,0,0,162032,805702,0,0,0,0,0,0,12291,552580,8905,347523,,,,
1415150016.90591,information_schema,sql_packages,0,0,,,0,0,0,0,0,0,0,0,,,0,0,0,0
1415150016.90591,public,orders,11,75015000,5172420,4892571,15015000,0,0,0,15015000,0,1498792,5711448,85157,15595220,,,,
1415150016.90591,pg_catalog,pg_attribute,1562,10650,478272,1023837,3734,110,3556,81,2514,12,19170,524306,7668,989510,,,,
1415150016.90591,pg_catalog,pg_tablespace,2,4,16071,16071,0,0,0,0,0,0,1101,14972,2232,29974,,,,
1415150016.90591,pg_catalog,pg_statistic,0,0,121497,114934,837,2282,774,1873,464,76,13033,108582,3491,258429,22311,93004,1548,150497
1415150016.90591,pg_catalog,pg_aggregate,0,0,11053,11053,0,0,0,0,0,0,1407,9646,3028,16344,,,,
1415150016.90591,pg_catalog,pg_inherits,0,0,581,0,0,0,0,0,0,0,0,0,260,321,,,,
1415150016.90591,information_schema,sql_sizing,0,0,,,0,0,0,0,0,0,0,0,,,0,0,0,0
1415150016.90591,pg_catalog,pg_enum,0,0,0,0,0,0,0,0,0,0,0,0,0,0,,,,
1415150016.90591,pg_toast,pg_toast_2396,0,0,0,0,0,0,0,0,0,0,0,0,0,0,,,,
1415150016.90591,pg_catalog,pg_pltemplate,0,0,0,0,0,0,0,0,0,0,0,0,0,0,,,,
1415150016.90591,pg_toast,pg_toast_2618,0,0,4045,12930,0,0,0,0,0,0,1757,3148,572,5926,,,,
1415150016.90591,pg_toast,pg_toast_3596,0,0,0,0,0,0,0,0,0,0,0,0,0,0,,,,
1415150016.90591,pg_toast,pg_toast_11747,0,0,0,0,0,0,0,0,0,0,0,0,0,0,,,,
1415150016.90591,pg_toast,pg_toast_11727,0,0,0,0,0,0,0,0,0,0,0,0,0,0,,,,
1415150016.90591,pg_toast,pg_toast_2606,0,0,0,0,0,0,0,0,0,0,0,0,0,0,,,,
1415150016.90591,pg_toast,pg_toast_2964,0,0,0,0,0,0,0,0,0,0,0,0,0,0,,,,
1415150016.90591,pg_catalog,pg_database,2451,9552,78173,78171,1,0,0,0,1,0,807,79816,4920,119457,,,,
1415150016.90591,information_schema,sql_parts,0,0,,,0,0,0,0,0,0,0,0,,,0,0,0,0
1415150016.90591,pg_toast,pg_toast_2620,0,0,0,0,0,0,0,0,0,0,0,0,0,0,,,,
1415150016.90591,pg_toast,pg_toast_11737,0,0,0,0,0,0,0,0,0,0,0,0,0,0,,,,
1415150016.90591,pg_catalog,pg_depend,0,0,24518,26642,4593,0,4503,0,6685,368,4103,31113,6233,63942,,,,
1415150016.90591,pg_catalog,pg_language,0,0,0,0,0,0,0,0,0,0,0,0,0,0,,,,
1415150016.90591,information_schema,sql_implementation_info,0,0,,,0,0,0,0,0,0,0,0,,,0,0,0,0
1415150016.90591,public,part,10,16000000,52,4015548,2000000,0,0,0,2000000,0,173581,410328,11065,181,,,,
1415150016.90591,pg_catalog,pg_amproc,284,568,92929,145713,0,0,0,0,0,0,1340,90509,3497,204658,,,,
1415150016.90591,pg_catalog,pg_collation,0,0,0,0,0,0,0,0,0,0,0,0,0,0,,,,
1415150016.90591,pg_catalog,pg_range,0,0,4696,0,0,0,0,0,0,0,0,0,2877,6515,,,,
1415150016.90591,pg_toast,pg_toast_2609,0,0,0,0,0,0,0,0,0,0,0,0,0,0,,,,
1415150016.90591,public,time_statistics,11,86,,,14,11,0,11,14,11,3,33,,,,,,
1415150016.90591,pg_catalog,pg_opclass,284,284,127080,1447735,0,0,0,0,0,0,2940,570100,4744,154210,,,,
1415150016.90591,public,lineitem,15,659965806,1976224,65751651,60045669,0,0,0,60045841,0,13451882,22070438,546468,8988673,,,,
1415150016.90591,pg_toast,pg_toast_11752,0,0,0,0,0,0,0,0,0,0,0,0,0,0,,,,
1415150016.90591,pg_catalog,pg_rewrite,0,0,7684,6661,341,0,341,0,110,56,2860,6421,1443,11673,1757,3148,1144,11852
1415150016.90591,pg_toast,pg_toast_1255,0,0,0,0,0,0,0,0,0,0,0,0,0,0,,,,
1415150016.90591,pg_catalog,pg_seclabel,0,0,2548,0,0,0,0,0,0,0,0,0,246,2302,0,0,0,0
1415150016.90591,information_schema,sql_languages,0,0,,,0,0,0,0,0,0,0,0,,,0,0,0,0
1415150016.90591,pg_catalog,pg_ts_parser,0,0,0,0,0,0,0,0,0,0,0,0,0,0,,,,
1415150016.90591,pg_catalog,pg_trigger,0,0,0,0,0,0,0,0,0,0,0,0,0,0,0,0,0,0
1415150016.90591,pg_catalog,pg_shseclabel,0,0,0,0,0,0,0,0,0,0,0,0,0,0,,,,
1415150016.90591,pg_catalog,pg_event_trigger,0,0,1009,0,0,0,0,0,0,0,0,0,258,751,,,,
1415150016.90591,pg_toast,pg_toast_11742,0,0,0,0,0,0,0,0,0,0,0,0,0,0,,,,
1415150016.90591,public,customer,11,10500000,41,299874,1500000,0,0,0,1500000,0,103811,440210,851,143,,,,
1415150016.90591,pg_catalog,pg_foreign_table,0,0,0,0,0,0,0,0,0,0,0,0,0,0,,,,
1415150016.90591,information_schema,sql_sizing_profiles,0,0,,,0,0,0,0,0,0,0,0,,,0,0,0,0
1415150016.90591,pg_catalog,pg_extension,0,0,0,0,0,0,0,0,0,0,0,0,0,0,,,,
1415150016.90591,pg_catalog,pg_ts_config,0,0,0,0,0,0,0,0,0,0,0,0,0,0,,,,
1415150016.90591,pg_catalog,pg_shdescription,0,0,0,0,0,0,0,0,0,0,0,0,0,0,0,0,0,0
1415150016.90591,pg_catalog,pg_cast,0,0,689985,168534,0,0,0,0,0,0,2073,166461,1951,708989,,,,
1415150016.90591,pg_catalog,pg_amop,0,0,191048,275464,0,0,0,0,0,0,3902,271562,7069,401624,,,,
1415150016.90591,public,region,6113,30540,14,14,5,0,0,0,5,0,3,6121,6,13,,,,
1415150016.90591,pg_catalog,pg_user_mapping,0,0,0,0,0,0,0,0,0,0,0,0,0,0,,,,
1415150016.90591,public,partsupp,6,32000000,47744,1698378,8000000,0,0,0,8000000,0,639665,2444484,33891,114233,,,,
1415150016.90591,pg_catalog,pg_type,0,0,504550,500095,1171,0,1152,0,360,103,5663,499532,7620,1033507,,,,
1415150016.90591,pg_catalog,pg_largeobject,0,0,0,0,0,0,0,0,0,0,0,0,0,0,,,,
1415150016.90591,pg_catalog,pg_ts_config_map,0,0,0,0,0,0,0,0,0,0,0,0,0,0,,,,
1415150016.90591,pg_catalog,pg_largeobject_metadata,0,0,0,0,0,0,0,0,0,0,0,0,0,0,,,,
1415150016.90591,pg_catalog,pg_am,22719,22719,0,0,0,0,0,0,0,0,1130,21589,0,0,,,,
1415150016.90591,pg_toast,pg_toast_11722,0,0,0,0,0,0,0,0,0,0,0,0,0,0,,,,
1415150016.90591,pg_catalog,pg_ts_template,0,0,0,0,0,0,0,0,0,0,0,0,0,0,,,,
1415150016.90591,pg_catalog,pg_foreign_server,0,0,0,0,0,0,0,0,0,0,0,0,0,0,,,,
1415150016.90591,pg_catalog,pg_namespace,1966,27998,129484,107983,34,0,0,0,34,0,1024,109011,2928,150431,,,,
1415150016.90591,pg_toast,pg_toast_2619,0,0,71014,236526,2729,0,2478,0,261,16,22311,93004,1548,150497,,,,
1415150016.90591,pg_catalog,pg_authid,881,881,43167,43167,0,0,0,0,0,0,971,43077,4011,82323,,,,
1415150016.90591,pg_catalog,pg_default_acl,0,0,2364,0,0,0,0,0,0,0,0,0,244,2120,,,,
1415150016.90591,pg_catalog,pg_shdepend,0,0,3175,626,0,0,0,0,0,0,258,368,1022,3327,,,,
1415150016.90591,pg_catalog,pg_constraint,0,0,168,80,88,0,80,0,10,24,49,478,88,868,0,0,0,0
1415150016.90591,pg_catalog,pg_index,4975,563971,229053,327147,422,0,394,0,143,49,5399,313146,4536,261766,,,,
1415150016.90591,pg_catalog,pg_ts_dict,0,0,0,0,0,0,0,0,0,0,0,0,0,0,,,,
1415150016.90591,pg_toast,pg_toast_2604,0,0,0,0,0,0,0,0,0,0,0,0,0,0,,,,
1415150016.90591,pg_toast,pg_toast_11732,0,0,0,0,0,0,0,0,0,0,0,0,0,0,,,,
1415150016.90591,pg_catalog,pg_proc,0,0,206385,305179,0,0,0,0,0,0,21933,206650,14378,439670,0,0,0,0
1415150076.90836,pg_catalog,pg_attrdef,0,0,0,0,0,0,0,0,0,0,0,0,0,0,0,0,0,0
1415150076.90836,pg_catalog,pg_db_role_setting,0,0,92564,0,0,0,0,0,0,0,0,0,1156,91408,0,0,0,0
1415150076.90836,pg_catalog,pg_rowsecurity,0,0,0,0,0,0,0,0,0,0,0,0,0,0,,,,
1415150076.90836,pg_catalog,pg_description,0,0,2548,0,0,0,0,0,0,0,0,0,752,4925,0,0,0,0
1415150076.90836,pg_catalog,pg_foreign_data_wrapper,0,0,0,0,0,0,0,0,0,0,0,0,0,0,,,,
1415150076.90836,pg_catalog,pg_conversion,0,0,0,0,0,0,0,0,0,0,0,0,0,0,,,,
1415150076.90836,information_schema,sql_features,0,0,,,0,0,0,0,0,0,0,0,,,0,0,0,0
1415150076.90836,public,nation,19,200,24478,24478,25,0,0,0,25,0,4,24484,8,24484,,,,
1415150076.90836,public,supplier,9,500000,3304406,3312421,100000,0,0,0,100000,0,6669,3321605,595,6625976,,,,
1415150076.90836,pg_catalog,pg_class,9746,2441131,630478,586394,1013,357,975,341,337,2,12174,672746,11474,1304634,,,,
1415150076.90836,pg_catalog,pg_opfamily,0,0,0,0,0,0,0,0,0,0,0,0,0,0,,,,
1415150076.90836,pg_catalog,pg_auth_members,0,0,0,0,0,0,0,0,0,0,0,0,0,0,,,,
1415150076.90836,pg_catalog,pg_operator,0,0,162116,806127,0,0,0,0,0,0,12291,552870,8905,347716,,,,
1415150076.90836,information_schema,sql_packages,0,0,,,0,0,0,0,0,0,0,0,,,0,0,0,0
1415150076.90836,public,orders,14,120060000,5172422,4892573,15015000,0,0,0,15015000,0,1505365,6465443,85160,15595232,,,,
1415150076.90836,pg_catalog,pg_attribute,1562,10650,478603,1024468,3734,110,3556,81,2514,12,19175,524651,7668,990192,,,,
1415150076.90836,pg_catalog,pg_tablespace,2,4,16084,16084,0,0,0,0,0,0,1101,14985,2232,30000,,,,
1415150076.90836,pg_catalog,pg_statistic,0,0,121566,114985,837,2282,774,1873,464,76,13038,108628,3491,258580,22339,93029,1548,150568
1415150076.90836,pg_catalog,pg_aggregate,0,0,11061,11061,0,0,0,0,0,0,1407,9654,3028,16357,,,,
1415150076.90836,pg_catalog,pg_inherits,0,0,581,0,0,0,0,0,0,0,0,0,260,321,,,,
1415150076.90836,information_schema,sql_sizing,0,0,,,0,0,0,0,0,0,0,0,,,0,0,0,0
1415150076.90836,pg_catalog,pg_enum,0,0,0,0,0,0,0,0,0,0,0,0,0,0,,,,
1415150076.90836,pg_toast,pg_toast_2396,0,0,0,0,0,0,0,0,0,0,0,0,0,0,,,,
1415150076.90836,pg_catalog,pg_pltemplate,0,0,0,0,0,0,0,0,0,0,0,0,0,0,,,,
1415150076.90836,pg_toast,pg_toast_2618,0,0,4050,12946,0,0,0,0,0,0,1762,3149,572,5934,,,,
1415150076.90836,pg_toast,pg_toast_3596,0,0,0,0,0,0,0,0,0,0,0,0,0,0,,,,
1415150076.90836,pg_toast,pg_toast_11747,0,0,0,0,0,0,0,0,0,0,0,0,0,0,,,,
1415150076.90836,pg_toast,pg_toast_11727,0,0,0,0,0,0,0,0,0,0,0,0,0,0,,,,
1415150076.90836,pg_toast,pg_toast_2606,0,0,0,0,0,0,0,0,0,0,0,0,0,0,,,,
1415150076.90836,pg_toast,pg_toast_2964,0,0,0,0,0,0,0,0,0,0,0,0,0,0,,,,
1415150076.90836,pg_catalog,pg_database,2454,9564,78238,78236,1,0,0,0,1,0,807,79884,4920,119560,,,,
1415150076.90836,information_schema,sql_parts,0,0,,,0,0,0,0,0,0,0,0,,,0,0,0,0
1415150076.90836,pg_toast,pg_toast_2620,0,0,0,0,0,0,0,0,0,0,0,0,0,0,,,,
1415150076.90836,pg_toast,pg_toast_11737,0,0,0,0,0,0,0,0,0,0,0,0,0,0,,,,
1415150076.90836,pg_catalog,pg_depend,0,0,24518,26642,4593,0,4503,0,6685,368,4103,31113,6233,63942,,,,
1415150076.90836,pg_catalog,pg_language,0,0,0,0,0,0,0,0,0,0,0,0,0,0,,,,
1415150076.90836,information_schema,sql_implementation_info,0,0,,,0,0,0,0,0,0,0,0,,,0,0,0,0
1415150076.90836,public,part,10,16000000,62,4336477,2000000,0,0,0,2000000,0,214096,410330,11967,191,,,,
1415150076.90836,pg_catalog,pg_amproc,284,568,92999,145818,0,0,0,0,0,0,1340,90578,3497,204816,,,,
1415150076.90836,pg_catalog,pg_collation,0,0,0,0,0,0,0,0,0,0,0,0,0,0,,,,
1415150076.90836,pg_catalog,pg_range,0,0,4700,0,0,0,0,0,0,0,0,0,2877,6523,,,,
1415150076.90836,pg_toast,pg_toast_2609,0,0,0,0,0,0,0,0,0,0,0,0,0,0,,,,
1415150076.90836,public,time_statistics,15,148,,,18,15,0,15,18,15,3,45,,,,,,
1415150076.90836,pg_catalog,pg_opclass,284,284,127168,1448800,0,0,0,0,0,0,2940,570520,4744,154323,,,,
1415150076.90836,public,lineitem,16,720011475,1976226,65751653,60045669,0,0,0,60045841,0,14004977,22583820,546476,8988681,,,,
1415150076.90836,pg_toast,pg_toast_11752,0,0,0,0,0,0,0,0,0,0,0,0,0,0,,,,
1415150076.90836,pg_catalog,pg_rewrite,0,0,7691,6668,341,0,341,0,110,56,2865,6423,1443,11685,1762,3149,1144,11868
1415150076.90836,pg_toast,pg_toast_1255,0,0,0,0,0,0,0,0,0,0,0,0,0,0,,,,
1415150076.90836,pg_catalog,pg_seclabel,0,0,2548,0,0,0,0,0,0,0,0,0,246,2302,0,0,0,0
1415150076.90836,information_schema,sql_languages,0,0,,,0,0,0,0,0,0,0,0,,,0,0,0,0
1415150076.90836,pg_catalog,pg_ts_parser,0,0,0,0,0,0,0,0,0,0,0,0,0,0,,,,
1415150076.90836,pg_catalog,pg_trigger,0,0,0,0,0,0,0,0,0,0,0,0,0,0,0,0,0,0
1415150076.90836,pg_catalog,pg_shseclabel,0,0,0,0,0,0,0,0,0,0,0,0,0,0,,,,
1415150076.90836,pg_catalog,pg_event_trigger,0,0,1009,0,0,0,0,0,0,0,0,0,258,751,,,,
1415150076.90836,pg_toast,pg_toast_11742,0,0,0,0,0,0,0,0,0,0,0,0,0,0,,,,
1415150076.90836,public,customer,12,12000000,64,1172236,1500000,0,0,0,1500000,0,125978,559074,3607,185,,,,
1415150076.90836,pg_catalog,pg_foreign_table,0,0,0,0,0,0,0,0,0,0,0,0,0,0,,,,
1415150076.90836,information_schema,sql_sizing_profiles,0,0,,,0,0,0,0,0,0,0,0,,,0,0,0,0
1415150076.90836,pg_catalog,pg_extension,0,0,0,0,0,0,0,0,0,0,0,0,0,0,,,,
1415150076.90836,pg_catalog,pg_ts_config,0,0,0,0,0,0,0,0,0,0,0,0,0,0,,,,
1415150076.90836,pg_catalog,pg_shdescription,0,0,0,0,0,0,0,0,0,0,0,0,0,0,0,0,0,0
1415150076.90836,pg_catalog,pg_cast,0,0,690487,168648,0,0,0,0,0,0,2073,166575,1951,709508,,,,
1415150076.90836,pg_catalog,pg_amop,0,0,191177,275656,0,0,0,0,0,0,3902,271754,7069,401902,,,,
1415150076.90836,public,region,6113,30540,14,14,5,0,0,0,5,0,3,6121,6,13,,,,
1415150076.90836,pg_catalog,pg_user_mapping,0,0,0,0,0,0,0,0,0,0,0,0,0,0,,,,
1415150076.90836,public,partsupp,7,40000000,47746,1698380,8000000,0,0,0,8000000,0,810623,2444486,33898,114234,,,,
1415150076.90836,pg_catalog,pg_type,0,0,504934,500475,1171,0,1152,0,360,103,5663,499912,7623,1034292,,,,
1415150076.90836,pg_catalog,pg_largeobject,0,0,0,0,0,0,0,0,0,0,0,0,0,0,,,,
1415150076.90836,pg_catalog,pg_ts_config_map,0,0,0,0,0,0,0,0,0,0,0,0,0,0,,,,
1415150076.90836,pg_catalog,pg_largeobject_metadata,0,0,0,0,0,0,0,0,0,0,0,0,0,0,,,,
1415150076.90836,pg_catalog,pg_am,22737,22737,0,0,0,0,0,0,0,0,1130,21607,0,0,,,,
1415150076.90836,pg_toast,pg_toast_11722,0,0,0,0,0,0,0,0,0,0,0,0,0,0,,,,
1415150076.90836,pg_catalog,pg_ts_template,0,0,0,0,0,0,0,0,0,0,0,0,0,0,,,,
1415150076.90836,pg_catalog,pg_foreign_server,0,0,0,0,0,0,0,0,0,0,0,0,0,0,,,,
1415150076.90836,pg_catalog,pg_namespace,1968,28078,129674,108156,34,0,0,0,34,0,1024,109186,2929,150639,,,,
1415150076.90836,pg_toast,pg_toast_2619,0,0,71046,236637,2729,0,2478,0,261,16,22339,93029,1548,150568,,,,
1415150076.90836,pg_catalog,pg_authid,882,882,43201,43201,0,0,0,0,0,0,971,43112,4011,82391,,,,
1415150076.90836,pg_catalog,pg_default_acl,0,0,2364,0,0,0,0,0,0,0,0,0,244,2120,,,,
1415150076.90836,pg_catalog,pg_shdepend,0,0,3175,626,0,0,0,0,0,0,258,368,1022,3327,,,,
1415150076.90836,pg_catalog,pg_constraint,0,0,168,80,88,0,80,0,10,24,49,478,88,868,0,0,0,0
1415150076.90836,pg_catalog,pg_index,4980,564686,229173,327312,422,0,394,0,143,49,5399,313333,4536,261913,,,,
1415150076.90836,pg_catalog,pg_ts_dict,0,0,0,0,0,0,0,0,0,0,0,0,0,0,,,,
1415150076.90836,pg_toast,pg_toast_2604,0,0,0,0,0,0,0,0,0,0,0,0,0,0,,,,
1415150076.90836,pg_toast,pg_toast_11732,0,0,0,0,0,0,0,0,0,0,0,0,0,0,,,,
1415150076.90836,pg_catalog,pg_proc,0,0,206545,305400,0,0,0,0,0,0,21943,206823,14381,440021,0,0,0,0
1415150136.91524,pg_catalog,pg_attrdef,0,0,0,0,0,0,0,0,0,0,0,0,0,0,0,0,0,0
1415150136.91524,pg_catalog,pg_db_role_setting,0,0,92628,0,0,0,0,0,0,0,0,0,1156,91472,0,0,0,0
1415150136.91524,pg_catalog,pg_rowsecurity,0,0,0,0,0,0,0,0,0,0,0,0,0,0,,,,
1415150136.91524,pg_catalog,pg_description,0,0,2552,0,0,0,0,0,0,0,0,0,755,4931,0,0,0,0
1415150136.91524,pg_catalog,pg_foreign_data_wrapper,0,0,0,0,0,0,0,0,0,0,0,0,0,0,,,,
1415150136.91524,pg_catalog,pg_conversion,0,0,0,0,0,0,0,0,0,0,0,0,0,0,,,,
1415150136.91524,information_schema,sql_features,0,0,,,0,0,0,0,0,0,0,0,,,0,0,0,0
1415150136.91524,public,nation,21,250,24482,24482,25,0,0,0,25,0,5,24489,10,24487,,,,
1415150136.91524,public,supplier,9,500000,3304417,3330389,100000,0,0,0,100000,0,8718,3323521,641,6626007,,,,
1415150136.91524,pg_catalog,pg_class,9756,2444181,630964,586864,1014,358,976,342,337,4,12178,673330,11477,1305644,,,,
1415150136.91524,pg_catalog,pg_opfamily,0,0,0,0,0,0,0,0,0,0,0,0,0,0,,,,
1415150136.91524,pg_catalog,pg_auth_members,0,0,0,0,0,0,0,0,0,0,0,0,0,0,,,,
1415150136.91524,pg_catalog,pg_operator,0,0,162187,806445,0,0,0,0,0,0,12291,553093,8906,347877,,,,
1415150136.91524,information_schema,sql_packages,0,0,,,0,0,0,0,0,0,0,0,,,0,0,0,0
1415150136.91524,public,orders,14,120060000,5172425,5466288,15015000,0,0,0,15015000,0,1505365,6693688,86729,15595241,,,,
1415150136.91524,pg_catalog,pg_attribute,1562,10650,478922,1025081,3736,110,3558,81,2514,14,19182,524987,7671,990853,,,,
1415150136.91524,pg_catalog,pg_tablespace,2,4,16095,16095,0,0,0,0,0,0,1101,14996,2232,30022,,,,
1415150136.91524,pg_catalog,pg_statistic,0,0,121625,115028,837,2282,774,1873,464,76,13041,108668,3491,258709,22358,93056,1548,150632
1415150136.91524,pg_catalog,pg_aggregate,0,0,11066,11066,0,0,0,0,0,0,1407,9659,3028,16366,,,,
1415150136.91524,pg_catalog,pg_inherits,0,0,582,0,0,0,0,0,0,0,0,0,261,321,,,,
1415150136.91524,information_schema,sql_sizing,0,0,,,0,0,0,0,0,0,0,0,,,0,0,0,0
1415150136.91524,pg_catalog,pg_enum,0,0,0,0,0,0,0,0,0,0,0,0,0,0,,,,
1415150136.91524,pg_toast,pg_toast_2396,0,0,0,0,0,0,0,0,0,0,0,0,0,0,,,,
1415150136.91524,pg_catalog,pg_pltemplate,0,0,0,0,0,0,0,0,0,0,0,0,0,0,,,,
1415150136.91524,pg_toast,pg_toast_2618,0,0,4055,12962,0,0,0,0,0,0,1766,3151,572,5942,,,,
1415150136.91524,pg_toast,pg_toast_3596,0,0,0,0,0,0,0,0,0,0,0,0,0,0,,,,
1415150136.91524,pg_toast,pg_toast_11747,0,0,0,0,0,0,0,0,0,0,0,0,0,0,,,,
1415150136.91524,pg_toast,pg_toast_11727,0,0,0,0,0,0,0,0,0,0,0,0,0,0,,,,
1415150136.91524,pg_toast,pg_toast_2606,0,0,0,0,0,0,0,0,0,0,0,0,0,0,,,,
1415150136.91524,pg_toast,pg_toast_2964,0,0,0,0,0,0,0,0,0,0,0,0,0,0,,,,
1415150136.91524,pg_catalog,pg_database,2457,9576,78294,78292,1,0,0,0,1,0,807,79943,4920,119648,,,,
1415150136.91524,information_schema,sql_parts,0,0,,,0,0,0,0,0,0,0,0,,,0,0,0,0
1415150136.91524,pg_toast,pg_toast_2620,0,0,0,0,0,0,0,0,0,0,0,0,0,0,,,,
1415150136.91524,pg_toast,pg_toast_11737,0,0,0,0,0,0,0,0,0,0,0,0,0,0,,,,
1415150136.91524,pg_catalog,pg_depend,0,0,24562,26694,4602,0,4512,0,6685,377,4119,31159,6254,64047,,,,
1415150136.91524,pg_catalog,pg_language,0,0,0,0,0,0,0,0,0,0,0,0,0,0,,,,
1415150136.91524,information_schema,sql_implementation_info,0,0,,,0,0,0,0,0,0,0,0,,,0,0,0,0
1415150136.91524,public,part,10,16000000,62,4336477,2000000,0,0,0,2000000,0,214096,410330,11967,191,,,,
1415150136.91524,pg_catalog,pg_amproc,284,568,93043,145888,0,0,0,0,0,0,1340,90621,3497,204919,,,,
1415150136.91524,pg_catalog,pg_collation,0,0,0,0,0,0,0,0,0,0,0,0,0,0,,,,
1415150136.91524,pg_catalog,pg_range,0,0,4703,0,0,0,0,0,0,0,0,0,2877,6529,,,,
1415150136.91524,pg_toast,pg_toast_2609,0,0,0,0,0,0,0,0,0,0,0,0,0,0,,,,
1415150136.91524,public,time_statistics,18,205,,,21,18,0,18,21,18,3,54,,,,,,
1415150136.91524,pg_catalog,pg_opclass,284,284,127221,1449344,0,0,0,0,0,0,2940,570737,4744,154397,,,,
1415150136.91524,public,lineitem,16,720011475,2549943,70777006,60045669,0,0,0,60045841,0,15404533,23016197,662115,11181778,,,,
1415150136.91524,pg_toast,pg_toast_11752,0,0,0,0,0,0,0,0,0,0,0,0,0,0,,,,
1415150136.91524,pg_catalog,pg_rewrite,0,0,7704,6678,342,0,342,0,110,57,2872,6432,1445,11705,1766,3151,1144,11884
1415150136.91524,pg_toast,pg_toast_1255,0,0,0,0,0,0,0,0,0,0,0,0,0,0,,,,
1415150136.91524,pg_catalog,pg_seclabel,0,0,2552,0,0,0,0,0,0,0,0,0,247,2305,0,0,0,0
1415150136.91524,information_schema,sql_languages,0,0,,,0,0,0,0,0,0,0,0,,,0,0,0,0
1415150136.91524,pg_catalog,pg_ts_parser,0,0,0,0,0,0,0,0,0,0,0,0,0,0,,,,
1415150136.91524,pg_catalog,pg_trigger,0,0,0,0,0,0,0,0,0,0,0,0,0,0,0,0,0,0
1415150136.91524,pg_catalog,pg_shseclabel,0,0,0,0,0,0,0,0,0,0,0,0,0,0,,,,
1415150136.91524,pg_catalog,pg_event_trigger,0,0,1010,0,0,0,0,0,0,0,0,0,259,751,,,,
1415150136.91524,pg_toast,pg_toast_11742,0,0,0,0,0,0,0,0,0,0,0,0,0,0,,,,
1415150136.91524,public,customer,12,12000000,64,1172236,1500000,0,0,0,1500000,0,125978,559074,3607,185,,,,
1415150136.91524,pg_catalog,pg_foreign_table,0,0,0,0,0,0,0,0,0,0,0,0,0,0,,,,
1415150136.91524,information_schema,sql_sizing_profiles,0,0,,,0,0,0,0,0,0,0,0,,,0,0,0,0
1415150136.91524,pg_catalog,pg_extension,0,0,0,0,0,0,0,0,0,0,0,0,0,0,,,,
1415150136.91524,pg_catalog,pg_ts_config,0,0,0,0,0,0,0,0,0,0,0,0,0,0,,,,
1415150136.91524,pg_catalog,pg_shdescription,0,0,0,0,0,0,0,0,0,0,0,0,0,0,0,0,0,0
1415150136.91524,pg_catalog,pg_cast,0,0,690793,168734,0,0,0,0,0,0,2073,166661,1951,709828,,,,
1415150136.91524,pg_catalog,pg_amop,0,0,191257,275769,0,0,0,0,0,0,3902,271867,7070,402078,,,,
1415150136.91524,public,region,6113,30540,14,14,5,0,0,0,5,0,3,6121,6,13,,,,
1415150136.91524,pg_catalog,pg_user_mapping,0,0,0,0,0,0,0,0,0,0,0,0,0,0,,,,
1415150136.91524,public,partsupp,7,40000000,55800,2342068,8000000,0,0,0,8000000,0,854851,3043946,38450,135586,,,,
1415150136.91524,pg_catalog,pg_type,0,0,505235,500771,1173,0,1154,0,360,105,5667,500213,7626,1034915,,,,
1415150136.91524,pg_catalog,pg_largeobject,0,0,0,0,0,0,0,0,0,0,0,0,0,0,,,,
1415150136.91524,pg_catalog,pg_ts_config_map,0,0,0,0,0,0,0,0,0,0,0,0,0,0,,,,
1415150136.91524,pg_catalog,pg_largeobject_metadata,0,0,0,0,0,0,0,0,0,0,0,0,0,0,,,,
1415150136.91524,pg_catalog,pg_am,22752,22752,0,0,0,0,0,0,0,0,1130,21622,0,0,,,,
1415150136.91524,pg_toast,pg_toast_11722,0,0,0,0,0,0,0,0,0,0,0,0,0,0,,,,
1415150136.91524,pg_catalog,pg_ts_template,0,0,0,0,0,0,0,0,0,0,0,0,0,0,,,,
1415150136.91524,pg_catalog,pg_foreign_server,0,0,0,0,0,0,0,0,0,0,0,0,0,0,,,,
1415150136.91524,pg_catalog,pg_namespace,1970,28158,129859,108327,34,0,0,0,34,0,1024,109359,2929,150841,,,,
1415150136.91524,pg_toast,pg_toast_2619,0,0,71075,236736,2729,0,2478,0,261,16,22358,93056,1548,150632,,,,
1415150136.91524,pg_catalog,pg_authid,883,883,43229,43229,0,0,0,0,0,0,971,43141,4011,82447,,,,
1415150136.91524,pg_catalog,pg_default_acl,0,0,2368,0,0,0,0,0,0,0,0,0,245,2123,,,,
1415150136.91524,pg_catalog,pg_shdepend,0,0,3180,627,0,0,0,0,0,0,259,368,1026,3330,,,,
1415150136.91524,pg_catalog,pg_constraint,0,0,168,80,88,0,80,0,10,24,49,478,88,868,0,0,0,0
1415150136.91524,pg_catalog,pg_index,4985,565401,229284,327463,422,0,394,0,143,49,5399,313501,4536,262047,,,,
1415150136.91524,pg_catalog,pg_ts_dict,0,0,0,0,0,0,0,0,0,0,0,0,0,0,,,,
1415150136.91524,pg_toast,pg_toast_2604,0,0,0,0,0,0,0,0,0,0,0,0,0,0,,,,
1415150136.91524,pg_toast,pg_toast_11732,0,0,0,0,0,0,0,0,0,0,0,0,0,0,,,,
1415150136.91524,pg_catalog,pg_proc,0,0,206684,305609,0,0,0,0,0,0,21947,206979,14382,440326,0,0,0,0
1415150196.92158,pg_catalog,pg_attrdef,0,0,0,0,0,0,0,0,0,0,0,0,0,0,0,0,0,0
1415150196.92158,pg_catalog,pg_db_role_setting,0,0,92668,0,0,0,0,0,0,0,0,0,1156,91512,0,0,0,0
1415150196.92158,pg_catalog,pg_rowsecurity,0,0,0,0,0,0,0,0,0,0,0,0,0,0,,,,
1415150196.92158,pg_catalog,pg_description,0,0,2552,0,0,0,0,0,0,0,0,0,755,4931,0,0,0,0
1415150196.92158,pg_catalog,pg_foreign_data_wrapper,0,0,0,0,0,0,0,0,0,0,0,0,0,0,,,,
1415150196.92158,pg_catalog,pg_conversion,0,0,0,0,0,0,0,0,0,0,0,0,0,0,,,,
1415150196.92158,information_schema,sql_features,0,0,,,0,0,0,0,0,0,0,0,,,0,0,0,0
1415150196.92158,public,nation,21,250,24482,24482,25,0,0,0,25,0,5,24489,10,24487,,,,
1415150196.92158,public,supplier,9,500000,3304417,3330389,100000,0,0,0,100000,0,8718,3323521,641,6626007,,,,
1415150196.92158,pg_catalog,pg_class,9766,2447231,631343,587240,1014,358,976,342,337,4,12179,673816,11478,1306423,,,,
1415150196.92158,pg_catalog,pg_opfamily,0,0,0,0,0,0,0,0,0,0,0,0,0,0,,,,
1415150196.92158,pg_catalog,pg_auth_members,0,0,0,0,0,0,0,0,0,0,0,0,0,0,,,,
1415150196.92158,pg_catalog,pg_operator,0,0,162223,806628,0,0,0,0,0,0,12291,553220,8907,347960,,,,
1415150196.92158,information_schema,sql_packages,0,0,,,0,0,0,0,0,0,0,0,,,0,0,0,0
1415150196.92158,public,orders,14,120060000,5172425,5466288,15015000,0,0,0,15015000,0,1505365,6693688,86729,15595241,,,,
1415150196.92158,pg_catalog,pg_attribute,1562,10650,479156,1025484,3736,110,3558,81,2514,14,19186,525227,7671,991332,,,,
1415150196.92158,pg_catalog,pg_tablespace,2,4,16102,16102,0,0,0,0,0,0,1101,15003,2232,30036,,,,
1415150196.92158,pg_catalog,pg_statistic,0,0,121661,115055,837,2282,774,1873,464,76,13044,108692,3491,258788,22359,93068,1548,150652
1415150196.92158,pg_catalog,pg_aggregate,0,0,11071,11071,0,0,0,0,0,0,1407,9664,3028,16373,,,,
1415150196.92158,pg_catalog,pg_inherits,0,0,582,0,0,0,0,0,0,0,0,0,261,321,,,,
1415150196.92158,information_schema,sql_sizing,0,0,,,0,0,0,0,0,0,0,0,,,0,0,0,0
1415150196.92158,pg_catalog,pg_enum,0,0,0,0,0,0,0,0,0,0,0,0,0,0,,,,
1415150196.92158,pg_toast,pg_toast_2396,0,0,0,0,0,0,0,0,0,0,0,0,0,0,,,,
1415150196.92158,pg_catalog,pg_pltemplate,0,0,0,0,0,0,0,0,0,0,0,0,0,0,,,,
1415150196.92158,pg_toast,pg_toast_2618,0,0,4060,12978,0,0,0,0,0,0,1771,3152,572,5950,,,,
1415150196.92158,pg_toast,pg_toast_3596,0,0,0,0,0,0,0,0,0,0,0,0,0,0,,,,
1415150196.92158,pg_toast,pg_toast_11747,0,0,0,0,0,0,0,0,0,0,0,0,0,0,,,,
1415150196.92158,pg_toast,pg_toast_11727,0,0,0,0,0,0,0,0,0,0,0,0,0,0,,,,
1415150196.92158,pg_toast,pg_toast_2606,0,0,0,0,0,0,0,0,0,0,0,0,0,0,,,,
1415150196.92158,pg_toast,pg_toast_2964,0,0,0,0,0,0,0,0,0,0,0,0,0,0,,,,
1415150196.92158,pg_catalog,pg_database,2460,9588,78332,78330,1,0,0,0,1,0,807,79984,4920,119706,,,,
1415150196.92158,information_schema,sql_parts,0,0,,,0,0,0,0,0,0,0,0,,,0,0,0,0
1415150196.92158,pg_toast,pg_toast_2620,0,0,0,0,0,0,0,0,0,0,0,0,0,0,,,,
1415150196.92158,pg_toast,pg_toast_11737,0,0,0,0,0,0,0,0,0,0,0,0,0,0,,,,
1415150196.92158,pg_catalog,pg_depend,0,0,24562,26694,4602,0,4512,0,6685,377,4119,31159,6254,64047,,,,
1415150196.92158,pg_catalog,pg_language,0,0,0,0,0,0,0,0,0,0,0,0,0,0,,,,
1415150196.92158,information_schema,sql_implementation_info,0,0,,,0,0,0,0,0,0,0,0,,,0,0,0,0
1415150196.92158,public,part,10,16000000,62,4336477,2000000,0,0,0,2000000,0,214096,410330,11967,191,,,,
1415150196.92158,pg_catalog,pg_amproc,284,568,93070,145930,0,0,0,0,0,0,1340,90647,3497,204982,,,,
1415150196.92158,pg_catalog,pg_collation,0,0,0,0,0,0,0,0,0,0,0,0,0,0,,,,
1415150196.92158,pg_catalog,pg_range,0,0,4704,0,0,0,0,0,0,0,0,0,2877,6531,,,,
1415150196.92158,pg_toast,pg_toast_2609,0,0,0,0,0,0,0,0,0,0,0,0,0,0,,,,
1415150196.92158,public,time_statistics,19,226,,,22,19,0,19,22,19,3,57,,,,,,
1415150196.92158,pg_catalog,pg_opclass,284,284,127250,1449621,0,0,0,0,0,0,2940,570846,4744,154439,,,,
1415150196.92158,public,lineitem,17,780057144,2549943,70777006,60045669,0,0,0,60045841,0,15817964,23669241,662123,11181778,,,,
1415150196.92158,pg_toast,pg_toast_11752,0,0,0,0,0,0,0,0,0,0,0,0,0,0,,,,
1415150196.92158,pg_catalog,pg_rewrite,0,0,7711,6685,342,0,342,0,110,57,2877,6434,1445,11717,1771,3152,1144,11900
1415150196.92158,pg_toast,pg_toast_1255,0,0,0,0,0,0,0,0,0,0,0,0,0,0,,,,
1415150196.92158,pg_catalog,pg_seclabel,0,0,2552,0,0,0,0,0,0,0,0,0,247,2305,0,0,0,0
1415150196.92158,information_schema,sql_languages,0,0,,,0,0,0,0,0,0,0,0,,,0,0,0,0
1415150196.92158,pg_catalog,pg_ts_parser,0,0,0,0,0,0,0,0,0,0,0,0,0,0,,,,
1415150196.92158,pg_catalog,pg_trigger,0,0,0,0,0,0,0,0,0,0,0,0,0,0,0,0,0,0
1415150196.92158,pg_catalog,pg_shseclabel,0,0,0,0,0,0,0,0,0,0,0,0,0,0,,,,
1415150196.92158,pg_catalog,pg_event_trigger,0,0,1010,0,0,0,0,0,0,0,0,0,259,751,,,,
1415150196.92158,pg_toast,pg_toast_11742,0,0,0,0,0,0,0,0,0,0,0,0,0,0,,,,
1415150196.92158,public,customer,12,12000000,64,1172236,1500000,0,0,0,1500000,0,125978,559074,3607,185,,,,
1415150196.92158,pg_catalog,pg_foreign_table,0,0,0,0,0,0,0,0,0,0,0,0,0,0,,,,
1415150196.92158,information_schema,sql_sizing_profiles,0,0,,,0,0,0,0,0,0,0,0,,,0,0,0,0
1415150196.92158,pg_catalog,pg_extension,0,0,0,0,0,0,0,0,0,0,0,0,0,0,,,,
1415150196.92158,pg_catalog,pg_ts_config,0,0,0,0,0,0,0,0,0,0,0,0,0,0,,,,
1415150196.92158,pg_catalog,pg_shdescription,0,0,0,0,0,0,0,0,0,0,0,0,0,0,0,0,0,0
1415150196.92158,pg_catalog,pg_cast,0,0,690941,168781,0,0,0,0,0,0,2073,166708,1951,709984,,,,
1415150196.92158,pg_catalog,pg_amop,0,0,191304,275833,0,0,0,0,0,0,3902,271931,7071,402182,,,,
1415150196.92158,public,region,6113,30540,14,14,5,0,0,0,5,0,3,6121,6,13,,,,
1415150196.92158,pg_catalog,pg_user_mapping,0,0,0,0,0,0,0,0,0,0,0,0,0,0,,,,
1415150196.92158,public,partsupp,7,40000000,55800,2342068,8000000,0,0,0,8000000,0,854851,3043946,38450,135586,,,,
1415150196.92158,pg_catalog,pg_type,0,0,505404,500940,1173,0,1154,0,360,105,5667,500382,7627,1035261,,,,
1415150196.92158,pg_catalog,pg_largeobject,0,0,0,0,0,0,0,0,0,0,0,0,0,0,,,,
1415150196.92158,pg_catalog,pg_ts_config_map,0,0,0,0,0,0,0,0,0,0,0,0,0,0,,,,
1415150196.92158,pg_catalog,pg_largeobject_metadata,0,0,0,0,0,0,0,0,0,0,0,0,0,0,,,,
1415150196.92158,pg_catalog,pg_am,22761,22761,0,0,0,0,0,0,0,0,1130,21631,0,0,,,,
1415150196.92158,pg_toast,pg_toast_11722,0,0,0,0,0,0,0,0,0,0,0,0,0,0,,,,
1415150196.92158,pg_catalog,pg_ts_template,0,0,0,0,0,0,0,0,0,0,0,0,0,0,,,,
1415150196.92158,pg_catalog,pg_foreign_server,0,0,0,0,0,0,0,0,0,0,0,0,0,0,,,,
1415150196.92158,pg_catalog,pg_namespace,1972,28238,130026,108486,34,0,0,0,34,0,1024,109520,2930,151017,,,,
1415150196.92158,pg_toast,pg_toast_2619,0,0,71083,236757,2729,0,2478,0,261,16,22359,93068,1548,150652,,,,
1415150196.92158,pg_catalog,pg_authid,884,884,43245,43245,0,0,0,0,0,0,971,43158,4011,82479,,,,
1415150196.92158,pg_catalog,pg_default_acl,0,0,2368,0,0,0,0,0,0,0,0,0,245,2123,,,,
1415150196.92158,pg_catalog,pg_shdepend,0,0,3180,627,0,0,0,0,0,0,259,368,1026,3330,,,,
1415150196.92158,pg_catalog,pg_constraint,0,0,168,80,88,0,80,0,10,24,49,478,88,868,0,0,0,0
1415150196.92158,pg_catalog,pg_index,4990,566116,229343,327542,422,0,394,0,143,49,5399,313602,4536,262121,,,,
1415150196.92158,pg_catalog,pg_ts_dict,0,0,0,0,0,0,0,0,0,0,0,0,0,0,,,,
1415150196.92158,pg_toast,pg_toast_2604,0,0,0,0,0,0,0,0,0,0,0,0,0,0,,,,
1415150196.92158,pg_toast,pg_toast_11732,0,0,0,0,0,0,0,0,0,0,0,0,0,0,,,,
1415150196.92158,pg_catalog,pg_proc,0,0,206791,305765,0,0,0,0,0,0,21952,207101,14385,440553,0,0,0,0
1415150256.92403,pg_catalog,pg_attrdef,0,0,0,0,0,0,0,0,0,0,0,0,0,0,0,0,0,0
1415150256.92403,pg_catalog,pg_db_role_setting,0,0,92744,0,0,0,0,0,0,0,0,0,1156,91588,0,0,0,0
1415150256.92403,pg_catalog,pg_rowsecurity,0,0,0,0,0,0,0,0,0,0,0,0,0,0,,,,
1415150256.92403,pg_catalog,pg_description,0,0,2552,0,0,0,0,0,0,0,0,0,755,4931,0,0,0,0
1415150256.92403,pg_catalog,pg_foreign_data_wrapper,0,0,0,0,0,0,0,0,0,0,0,0,0,0,,,,
1415150256.92403,pg_catalog,pg_conversion,0,0,0,0,0,0,0,0,0,0,0,0,0,0,,,,
1415150256.92403,information_schema,sql_features,0,0,,,0,0,0,0,0,0,0,0,,,0,0,0,0
1415150256.92403,public,nation,24,325,24501,24525,25,0,0,0,25,0,5,24511,12,24507,,,,
1415150256.92403,public,supplier,11,700000,3304425,3330397,100000,0,0,0,100000,0,10895,3325710,645,6626025,,,,
1415150256.92403,pg_catalog,pg_class,9776,2450281,631910,587782,1014,358,976,342,337,4,12180,674468,11479,1307596,,,,
1415150256.92403,pg_catalog,pg_opfamily,0,0,0,0,0,0,0,0,0,0,0,0,0,0,,,,
1415150256.92403,pg_catalog,pg_auth_members,0,0,0,0,0,0,0,0,0,0,0,0,0,0,,,,
1415150256.92403,pg_catalog,pg_operator,0,0,162338,807255,0,0,0,0,0,0,12291,553651,8908,348213,,,,
1415150256.92403,information_schema,sql_packages,0,0,,,0,0,0,0,0,0,0,0,,,0,0,0,0
1415150256.92403,public,orders,15,135075000,5172437,8319101,15015000,0,0,0,15015000,0,1912639,7022009,94534,15595267,,,,
1415150256.92403,pg_catalog,pg_attribute,1562,10650,479553,1026257,3736,110,3558,81,2514,14,19188,525641,7671,992146,,,,
1415150256.92403,pg_catalog,pg_tablespace,2,4,16115,16115,0,0,0,0,0,0,1101,15016,2232,30062,,,,
1415150256.92403,pg_catalog,pg_statistic,0,0,121759,115135,837,2282,774,1873,464,76,13048,108768,3491,258997,22381,93122,1548,150759
1415150256.92403,pg_catalog,pg_aggregate,0,0,11076,11076,0,0,0,0,0,0,1407,9669,3028,16383,,,,
1415150256.92403,pg_catalog,pg_inherits,0,0,582,0,0,0,0,0,0,0,0,0,261,321,,,,
1415150256.92403,information_schema,sql_sizing,0,0,,,0,0,0,0,0,0,0,0,,,0,0,0,0
1415150256.92403,pg_catalog,pg_enum,0,0,0,0,0,0,0,0,0,0,0,0,0,0,,,,
1415150256.92403,pg_toast,pg_toast_2396,0,0,0,0,0,0,0,0,0,0,0,0,0,0,,,,
1415150256.92403,pg_catalog,pg_pltemplate,0,0,0,0,0,0,0,0,0,0,0,0,0,0,,,,
1415150256.92403,pg_toast,pg_toast_2618,0,0,4065,12994,0,0,0,0,0,0,1775,3154,572,5958,,,,
1415150256.92403,pg_toast,pg_toast_3596,0,0,0,0,0,0,0,0,0,0,0,0,0,0,,,,
1415150256.92403,pg_toast,pg_toast_11747,0,0,0,0,0,0,0,0,0,0,0,0,0,0,,,,
1415150256.92403,pg_toast,pg_toast_11727,0,0,0,0,0,0,0,0,0,0,0,0,0,0,,,,
1415150256.92403,pg_toast,pg_toast_2606,0,0,0,0,0,0,0,0,0,0,0,0,0,0,,,,
1415150256.92403,pg_toast,pg_toast_2964,0,0,0,0,0,0,0,0,0,0,0,0,0,0,,,,
1415150256.92403,pg_catalog,pg_database,2463,9600,78397,78395,1,0,0,0,1,0,807,80052,4920,119809,,,,
1415150256.92403,information_schema,sql_parts,0,0,,,0,0,0,0,0,0,0,0,,,0,0,0,0
1415150256.92403,pg_toast,pg_toast_2620,0,0,0,0,0,0,0,0,0,0,0,0,0,0,,,,
1415150256.92403,pg_toast,pg_toast_11737,0,0,0,0,0,0,0,0,0,0,0,0,0,0,,,,
1415150256.92403,pg_catalog,pg_depend,0,0,24562,26694,4602,0,4512,0,6685,377,4119,31159,6254,64047,,,,
1415150256.92403,pg_catalog,pg_language,0,0,0,0,0,0,0,0,0,0,0,0,0,0,,,,
1415150256.92403,information_schema,sql_implementation_info,0,0,,,0,0,0,0,0,0,0,0,,,0,0,0,0
1415150256.92403,public,part,10,16000000,78,4346747,2000000,0,0,0,2000000,0,223175,410331,13241,751,,,,
1415150256.92403,pg_catalog,pg_amproc,284,568,93136,146033,0,0,0,0,0,0,1340,90712,3497,205132,,,,
1415150256.92403,pg_catalog,pg_collation,0,0,0,0,0,0,0,0,0,0,0,0,0,0,,,,
1415150256.92403,pg_catalog,pg_range,0,0,4708,0,0,0,0,0,0,0,0,0,2877,6539,,,,
1415150256.92403,pg_toast,pg_toast_2609,0,0,0,0,0,0,0,0,0,0,0,0,0,0,,,,
1415150256.92403,public,time_statistics,23,320,,,26,23,0,23,26,23,3,69,,,,,,
1415150256.92403,pg_catalog,pg_opclass,284,284,127338,1450648,0,0,0,0,0,0,2940,571250,4744,154552,,,,
1415150256.92403,public,lineitem,17,780057144,4218161,88900508,60045669,0,0,0,60045841,0,16863626,24646368,1095564,17492270,,,,
1415150256.92403,pg_toast,pg_toast_11752,0,0,0,0,0,0,0,0,0,0,0,0,0,0,,,,
1415150256.92403,pg_catalog,pg_rewrite,0,0,7718,6692,342,0,342,0,110,57,2880,6438,1445,11729,1775,3154,1144,11916
1415150256.92403,pg_toast,pg_toast_1255,0,0,0,0,0,0,0,0,0,0,0,0,0,0,,,,
1415150256.92403,pg_catalog,pg_seclabel,0,0,2552,0,0,0,0,0,0,0,0,0,247,2305,0,0,0,0
1415150256.92403,information_schema,sql_languages,0,0,,,0,0,0,0,0,0,0,0,,,0,0,0,0
1415150256.92403,pg_catalog,pg_ts_parser,0,0,0,0,0,0,0,0,0,0,0,0,0,0,,,,
1415150256.92403,pg_catalog,pg_trigger,0,0,0,0,0,0,0,0,0,0,0,0,0,0,0,0,0,0
1415150256.92403,pg_catalog,pg_shseclabel,0,0,0,0,0,0,0,0,0,0,0,0,0,0,,,,
1415150256.92403,pg_catalog,pg_event_trigger,0,0,1010,0,0,0,0,0,0,0,0,0,259,751,,,,
1415150256.92403,pg_toast,pg_toast_11742,0,0,0,0,0,0,0,0,0,0,0,0,0,0,,,,
1415150256.92403,public,customer,14,15000000,81,1472086,1500000,0,0,0,1500000,0,196532,704405,4453,226,,,,
1415150256.92403,pg_catalog,pg_foreign_table,0,0,0,0,0,0,0,0,0,0,0,0,0,0,,,,
1415150256.92403,information_schema,sql_sizing_profiles,0,0,,,0,0,0,0,0,0,0,0,,,0,0,0,0
1415150256.92403,pg_catalog,pg_extension,0,0,0,0,0,0,0,0,0,0,0,0,0,0,,,,
1415150256.92403,pg_catalog,pg_ts_config,0,0,0,0,0,0,0,0,0,0,0,0,0,0,,,,
1415150256.92403,pg_catalog,pg_shdescription,0,0,0,0,0,0,0,0,0,0,0,0,0,0,0,0,0,0
1415150256.92403,pg_catalog,pg_cast,0,0,691457,168898,0,0,0,0,0,0,2073,166825,1951,710517,,,,
1415150256.92403,pg_catalog,pg_amop,0,0,191444,276038,0,0,0,0,0,0,3902,272136,7072,402481,,,,
1415150256.92403,public,region,6114,30545,16,16,5,0,0,0,5,0,4,6123,8,14,,,,
1415150256.92403,pg_catalog,pg_user_mapping,0,0,0,0,0,0,0,0,0,0,0,0,0,0,,,,
1415150256.92403,public,partsupp,7,40000000,55800,2342068,8000000,0,0,0,8000000,0,854851,3043946,38450,135586,,,,
1415150256.92403,pg_catalog,pg_type,0,0,505818,501354,1173,0,1154,0,360,105,5667,500796,7629,1036107,,,,
1415150256.92403,pg_catalog,pg_largeobject,0,0,0,0,0,0,0,0,0,0,0,0,0,0,,,,
1415150256.92403,pg_catalog,pg_ts_config_map,0,0,0,0,0,0,0,0,0,0,0,0,0,0,,,,
1415150256.92403,pg_catalog,pg_largeobject_metadata,0,0,0,0,0,0,0,0,0,0,0,0,0,0,,,,
1415150256.92403,pg_catalog,pg_am,22779,22779,0,0,0,0,0,0,0,0,1130,21649,0,0,,,,
1415150256.92403,pg_toast,pg_toast_11722,0,0,0,0,0,0,0,0,0,0,0,0,0,0,,,,
1415150256.92403,pg_catalog,pg_ts_template,0,0,0,0,0,0,0,0,0,0,0,0,0,0,,,,
1415150256.92403,pg_catalog,pg_foreign_server,0,0,0,0,0,0,0,0,0,0,0,0,0,0,,,,
1415150256.92403,pg_catalog,pg_namespace,1974,28318,130219,108662,34,0,0,0,34,0,1024,109698,2930,151229,,,,
1415150256.92403,pg_toast,pg_toast_2619,0,0,71133,236929,2729,0,2478,0,261,16,22381,93122,1548,150759,,,,
1415150256.92403,pg_catalog,pg_authid,885,885,43279,43279,0,0,0,0,0,0,971,43193,4011,82547,,,,
1415150256.92403,pg_catalog,pg_default_acl,0,0,2368,0,0,0,0,0,0,0,0,0,245,2123,,,,
1415150256.92403,pg_catalog,pg_shdepend,0,0,3180,627,0,0,0,0,0,0,259,368,1026,3330,,,,
1415150256.92403,pg_catalog,pg_constraint,0,0,168,80,88,0,80,0,10,24,49,478,88,868,0,0,0,0
1415150256.92403,pg_catalog,pg_index,4995,566831,229499,327765,422,0,394,0,143,49,5399,313847,4536,262304,,,,
1415150256.92403,pg_catalog,pg_ts_dict,0,0,0,0,0,0,0,0,0,0,0,0,0,0,,,,
1415150256.92403,pg_toast,pg_toast_2604,0,0,0,0,0,0,0,0,0,0,0,0,0,0,,,,
1415150256.92403,pg_toast,pg_toast_11732,0,0,0,0,0,0,0,0,0,0,0,0,0,0,,,,
1415150256.92403,pg_catalog,pg_proc,0,0,206969,306013,0,0,0,0,0,0,21962,207293,14385,440943,0,0,0,0
